cref_id,content_type,content_id,reference_id,pinpoint_text,citation_priority
cref_000001,lesson,les_emt_000001,ref_000002,National EMS Education Standards alignment,1
cref_000002,lesson,les_emt_000002,ref_000002,National EMS Education Standards alignment,1
cref_000003,lesson,les_emt_000003,ref_000002,National EMS Education Standards alignment,1
cref_000004,lesson,les_emt_000004,ref_000002,National EMS Education Standards alignment,1
cref_000005,lesson,les_emt_000005,ref_000002,National EMS Education Standards alignment,1
cref_000006,lesson,les_emt_000006,ref_000002,National EMS Education Standards alignment,1
cref_000007,lesson,les_emt_000007,ref_000002,National EMS Education Standards alignment,1
cref_000008,lesson,les_emt_000008,ref_000002,National EMS Education Standards alignment,1
cref_000009,lesson,les_emt_000009,ref_000002,National EMS Education Standards alignment,1
cref_000010,lesson,les_emt_000010,ref_000002,National EMS Education Standards alignment,1
cref_000011,lesson,les_emt_000011,ref_000002,National EMS Education Standards alignment,1
cref_000012,lesson,les_emt_000012,ref_000002,National EMS Education Standards alignment,1
cref_000013,lesson,les_emt_000013,ref_000002,National EMS Education Standards alignment,1
cref_000014,lesson,les_emt_000014,ref_000002,National EMS Education Standards alignment,1
cref_000015,lesson,les_emt_000015,ref_000002,National EMS Education Standards alignment,1
cref_000016,lesson,les_emt_000016,ref_000002,National EMS Education Standards alignment,1
cref_000017,lesson,les_emt_000017,ref_000002,National EMS Education Standards alignment,1
cref_000018,lesson,les_emt_000018,ref_000002,National EMS Education Standards alignment,1
cref_000019,lesson,les_emt_000019,ref_000002,National EMS Education Standards alignment,1
cref_000020,lesson,les_emt_000020,ref_000002,National EMS Education Standards alignment,1
cref_000021,lesson,les_emt_000021,ref_000002,National EMS Education Standards alignment,1
cref_000022,lesson,les_emt_000022,ref_000002,National EMS Education Standards alignment,1
cref_000023,lesson,les_emt_000023,ref_000002,National EMS Education Standards alignment,1
cref_000024,lesson,les_emt_000024,ref_000002,National EMS Education Standards alignment,1
cref_000025,lesson,les_emt_000025,ref_000002,National EMS Education Standards alignment,1
cref_000026,lesson,les_emt_000026,ref_000002,National EMS Education Standards alignment,1
cref_000027,lesson,les_emt_000027,ref_000002,National EMS Education Standards alignment,1
cref_000028,lesson,les_emt_000028,ref_000002,National EMS Education Standards alignment,1
cref_000029,lesson,les_emt_000029,ref_000002,National EMS Education Standards alignment,1
cref_000030,lesson,les_emt_000030,ref_000002,National EMS Education Standards alignment,1
cref_000031,lesson,les_emt_000031,ref_000002,National EMS Education Standards alignment,1
cref_000032,lesson,les_emt_000032,ref_000002,National EMS Education Standards alignment,1
cref_000033,lesson,les_emt_000033,ref_000002,National EMS Education Standards alignment,1
cref_000034,lesson,les_emt_000034,ref_000002,National EMS Education Standards alignment,1
cref_000035,lesson,les_emt_000035,ref_000002,National EMS Education Standards alignment,1
cref_000036,lesson,les_emt_000036,ref_000002,National EMS Education Standards alignment,1
cref_000037,lesson,les_emt_000037,ref_000002,National EMS Education Standards alignment,1
cref_000038,lesson,les_emt_000038,ref_000002,National EMS Education Standards alignment,1
cref_000039,lesson,les_emt_000039,ref_000002,National EMS Education Standards alignment,1
cref_000040,lesson,les_emt_000040,ref_000002,National EMS Education Standards alignment,1
cref_000041,lesson,les_emt_000041,ref_000002,National EMS Education Standards alignment,1
cref_000042,lesson,les_emt_000042,ref_000002,National EMS Education Standards alignment,1
cref_000043,lesson,les_emt_000043,ref_000002,National EMS Education Standards alignment,1
cref_000044,lesson,les_emt_000044,ref_000002,National EMS Education Standards alignment,1
cref_000045,lesson,les_emt_000045,ref_000002,National EMS Education Standards alignment,1
cref_000046,lesson,les_emt_000046,ref_000002,National EMS Education Standards alignment,1
cref_000047,lesson,les_emt_000047,ref_000002,National EMS Education Standards alignment,1
cref_000048,lesson,les_emt_000048,ref_000002,National EMS Education Standards alignment,1
cref_000049,lesson,les_emt_000049,ref_000002,National EMS Education Standards alignment,1
cref_000050,lesson,les_emt_000050,ref_000002,National EMS Education Standards alignment,1
cref_000051,lesson,les_emt_000051,ref_000002,National EMS Education Standards alignment,1
cref_000052,lesson,les_emt_000052,ref_000002,National EMS Education Standards alignment,1
cref_000053,lesson,les_emt_000053,ref_000002,National EMS Education Standards alignment,1
cref_000054,lesson,les_emt_000054,ref_000002,National EMS Education Standards alignment,1
cref_000055,lesson,les_emt_000055,ref_000002,National EMS Education Standards alignment,1
cref_000056,lesson,les_emt_000056,ref_000002,National EMS Education Standards alignment,1
cref_000057,lesson,les_emt_000057,ref_000002,National EMS Education Standards alignment,1
cref_000058,lesson,les_emt_000058,ref_000002,National EMS Education Standards alignment,1
cref_000059,lesson,les_emt_000059,ref_000002,National EMS Education Standards alignment,1
cref_000060,lesson,les_emt_000060,ref_000002,National EMS Education Standards alignment,1
cref_000061,lesson,les_emt_000061,ref_000002,National EMS Education Standards alignment,1
cref_000062,lesson,les_emt_000062,ref_000002,National EMS Education Standards alignment,1
cref_000063,lesson,les_emt_000063,ref_000002,National EMS Education Standards alignment,1
cref_000064,lesson,les_emt_000064,ref_000002,National EMS Education Standards alignment,1
cref_000065,lesson,les_emt_000065,ref_000002,National EMS Education Standards alignment,1
cref_000066,lesson,les_emt_000066,ref_000002,National EMS Education Standards alignment,1
cref_000067,lesson,les_emt_000067,ref_000002,National EMS Education Standards alignment,1
cref_000068,lesson,les_emt_000068,ref_000002,National EMS Education Standards alignment,1
cref_000069,lesson,les_emt_000069,ref_000002,National EMS Education Standards alignment,1
cref_000070,lesson,les_emt_000070,ref_000002,National EMS Education Standards alignment,1
cref_000071,lesson,les_emt_000071,ref_000002,National EMS Education Standards alignment,1
cref_000072,lesson,les_emt_000072,ref_000002,National EMS Education Standards alignment,1
cref_000073,lesson,les_emt_000073,ref_000002,National EMS Education Standards alignment,1
cref_000074,lesson,les_emt_000074,ref_000002,National EMS Education Standards alignment,1
cref_000075,lesson,les_emt_000075,ref_000002,National EMS Education Standards alignment,1
cref_000076,lesson,les_emt_000076,ref_000002,National EMS Education Standards alignment,1
cref_000077,lesson,les_emt_000077,ref_000002,National EMS Education Standards alignment,1
cref_000078,lesson,les_emt_000078,ref_000002,National EMS Education Standards alignment,1
cref_000079,lesson,les_emt_000079,ref_000002,National EMS Education Standards alignment,1
cref_000080,lesson,les_emt_000080,ref_000002,National EMS Education Standards alignment,1
cref_000081,lesson,les_emt_000081,ref_000002,National EMS Education Standards alignment,1
cref_000082,lesson,les_emt_000082,ref_000002,National EMS Education Standards alignment,1
cref_000083,lesson,les_emt_000083,ref_000002,National EMS Education Standards alignment,1
cref_000084,lesson,les_emt_000084,ref_000002,National EMS Education Standards alignment,1
cref_000085,lesson,les_emt_000085,ref_000002,National EMS Education Standards alignment,1
cref_000086,lesson,les_emt_000086,ref_000002,National EMS Education Standards alignment,1
cref_000087,lesson,les_emt_000087,ref_000002,National EMS Education Standards alignment,1
cref_000088,lesson,les_emt_000088,ref_000002,National EMS Education Standards alignment,1
cref_000089,lesson,les_emt_000089,ref_000002,National EMS Education Standards alignment,1
cref_000090,lesson,les_emt_000090,ref_000002,National EMS Education Standards alignment,1
cref_000091,lesson,les_emt_000091,ref_000002,National EMS Education Standards alignment,1
cref_000092,lesson,les_emt_000092,ref_000002,National EMS Education Standards alignment,1
cref_000093,lesson,les_emt_000093,ref_000002,National EMS Education Standards alignment,1
cref_000094,lesson,les_emt_000094,ref_000002,National EMS Education Standards alignment,1
cref_000095,lesson,les_emt_000095,ref_000002,National EMS Education Standards alignment,1
cref_000096,lesson,les_emt_000096,ref_000002,National EMS Education Standards alignment,1
cref_000097,lesson,les_emt_000097,ref_000002,National EMS Education Standards alignment,1
cref_000098,lesson,les_emt_000098,ref_000002,National EMS Education Standards alignment,1
cref_000099,lesson,les_emt_000099,ref_000002,National EMS Education Standards alignment,1
cref_000100,lesson,les_emt_000100,ref_000002,National EMS Education Standards alignment,1
cref_000101,lesson,les_emt_000101,ref_000002,National EMS Education Standards alignment,1
cref_000102,lesson,les_emt_000102,ref_000002,National EMS Education Standards alignment,1
cref_000103,lesson,les_emt_000103,ref_000002,National EMS Education Standards alignment,1
cref_000104,lesson,les_emt_000104,ref_000002,National EMS Education Standards alignment,1
cref_000105,lesson,les_emt_000105,ref_000002,National EMS Education Standards alignment,1
cref_000106,lesson,les_emt_000106,ref_000002,National EMS Education Standards alignment,1
cref_000107,lesson,les_emt_000107,ref_000002,National EMS Education Standards alignment,1
cref_000108,lesson,les_emt_000108,ref_000002,National EMS Education Standards alignment,1
cref_000109,lesson,les_emt_000109,ref_000002,National EMS Education Standards alignment,1
cref_000110,lesson,les_emt_000110,ref_000002,National EMS Education Standards alignment,1
cref_000111,lesson,les_emt_000111,ref_000002,National EMS Education Standards alignment,1
cref_000112,lesson,les_emt_000112,ref_000002,National EMS Education Standards alignment,1
cref_000113,lesson,les_emt_000113,ref_000002,National EMS Education Standards alignment,1
cref_000114,lesson,les_emt_000114,ref_000002,National EMS Education Standards alignment,1
cref_000115,lesson,les_emt_000115,ref_000002,National EMS Education Standards alignment,1
cref_000116,lesson,les_emt_000116,ref_000002,National EMS Education Standards alignment,1
cref_000117,lesson,les_emt_000117,ref_000002,National EMS Education Standards alignment,1
cref_000118,lesson,les_emt_000118,ref_000002,National EMS Education Standards alignment,1
cref_000119,lesson,les_emt_000119,ref_000002,National EMS Education Standards alignment,1
cref_000120,lesson,les_emt_000120,ref_000002,National EMS Education Standards alignment,1
cref_000121,lesson,les_emt_000121,ref_000002,National EMS Education Standards alignment,1
cref_000122,lesson,les_emt_000122,ref_000002,National EMS Education Standards alignment,1
cref_000123,lesson,les_emt_000123,ref_000002,National EMS Education Standards alignment,1
cref_000124,lesson,les_emt_000124,ref_000002,National EMS Education Standards alignment,1
cref_000125,lesson,les_emt_000125,ref_000002,National EMS Education Standards alignment,1
cref_000126,lesson,les_emt_000126,ref_000002,National EMS Education Standards alignment,1
cref_000127,lesson,les_emt_000127,ref_000002,National EMS Education Standards alignment,1
cref_000128,lesson,les_emt_000128,ref_000002,National EMS Education Standards alignment,1
cref_000129,lesson,les_emt_000129,ref_000002,National EMS Education Standards alignment,1
cref_000130,lesson,les_emt_000130,ref_000002,National EMS Education Standards alignment,1
cref_000131,lesson,les_emt_000131,ref_000002,National EMS Education Standards alignment,1
cref_000132,lesson,les_emt_000132,ref_000002,National EMS Education Standards alignment,1
cref_000133,lesson,les_emt_000133,ref_000002,National EMS Education Standards alignment,1
cref_000134,lesson,les_emt_000134,ref_000002,National EMS Education Standards alignment,1
cref_000135,lesson,les_emt_000135,ref_000002,National EMS Education Standards alignment,1
cref_000136,lesson,les_emt_000136,ref_000002,National EMS Education Standards alignment,1
cref_000137,lesson,les_emt_000137,ref_000002,National EMS Education Standards alignment,1
cref_000138,lesson,les_emt_000138,ref_000002,National EMS Education Standards alignment,1
cref_000139,lesson,les_emt_000139,ref_000002,National EMS Education Standards alignment,1
cref_000140,lesson,les_emt_000140,ref_000002,National EMS Education Standards alignment,1
cref_000141,lesson,les_emt_000141,ref_000002,National EMS Education Standards alignment,1
cref_000142,lesson,les_emt_000142,ref_000002,National EMS Education Standards alignment,1
cref_000143,lesson,les_emt_000143,ref_000002,National EMS Education Standards alignment,1
cref_000144,lesson,les_emt_000144,ref_000002,National EMS Education Standards alignment,1
cref_000145,lesson,les_aemt_000145,ref_000002,National EMS Education Standards alignment,1
cref_000146,lesson,les_aemt_000146,ref_000002,National EMS Education Standards alignment,1
cref_000147,lesson,les_aemt_000147,ref_000002,National EMS Education Standards alignment,1
cref_000148,lesson,les_aemt_000148,ref_000002,National EMS Education Standards alignment,1
cref_000149,lesson,les_aemt_000149,ref_000002,National EMS Education Standards alignment,1
cref_000150,lesson,les_aemt_000150,ref_000002,National EMS Education Standards alignment,1
cref_000151,lesson,les_aemt_000151,ref_000002,National EMS Education Standards alignment,1
cref_000152,lesson,les_aemt_000152,ref_000002,National EMS Education Standards alignment,1
cref_000153,lesson,les_aemt_000153,ref_000002,National EMS Education Standards alignment,1
cref_000154,lesson,les_aemt_000154,ref_000002,National EMS Education Standards alignment,1
cref_000155,lesson,les_aemt_000155,ref_000002,National EMS Education Standards alignment,1
cref_000156,lesson,les_aemt_000156,ref_000002,National EMS Education Standards alignment,1
cref_000157,lesson,les_aemt_000157,ref_000002,National EMS Education Standards alignment,1
cref_000158,lesson,les_aemt_000158,ref_000002,National EMS Education Standards alignment,1
cref_000159,lesson,les_aemt_000159,ref_000002,National EMS Education Standards alignment,1
cref_000160,lesson,les_aemt_000160,ref_000002,National EMS Education Standards alignment,1
cref_000161,lesson,les_aemt_000161,ref_000002,National EMS Education Standards alignment,1
cref_000162,lesson,les_aemt_000162,ref_000002,National EMS Education Standards alignment,1
cref_000163,lesson,les_aemt_000163,ref_000002,National EMS Education Standards alignment,1
cref_000164,lesson,les_aemt_000164,ref_000002,National EMS Education Standards alignment,1
cref_000165,lesson,les_aemt_000165,ref_000002,National EMS Education Standards alignment,1
cref_000166,lesson,les_aemt_000166,ref_000002,National EMS Education Standards alignment,1
cref_000167,lesson,les_aemt_000167,ref_000002,National EMS Education Standards alignment,1
cref_000168,lesson,les_aemt_000168,ref_000002,National EMS Education Standards alignment,1
cref_000169,lesson,les_aemt_000169,ref_000002,National EMS Education Standards alignment,1
cref_000170,lesson,les_aemt_000170,ref_000002,National EMS Education Standards alignment,1
cref_000171,lesson,les_aemt_000171,ref_000002,National EMS Education Standards alignment,1
cref_000172,lesson,les_aemt_000172,ref_000002,National EMS Education Standards alignment,1
cref_000173,lesson,les_aemt_000173,ref_000002,National EMS Education Standards alignment,1
cref_000174,lesson,les_aemt_000174,ref_000002,National EMS Education Standards alignment,1
cref_000175,lesson,les_aemt_000175,ref_000002,National EMS Education Standards alignment,1
cref_000176,lesson,les_aemt_000176,ref_000002,National EMS Education Standards alignment,1
cref_000177,lesson,les_aemt_000177,ref_000002,National EMS Education Standards alignment,1
cref_000178,lesson,les_aemt_000178,ref_000002,National EMS Education Standards alignment,1
cref_000179,lesson,les_aemt_000179,ref_000002,National EMS Education Standards alignment,1
cref_000180,lesson,les_aemt_000180,ref_000002,National EMS Education Standards alignment,1
cref_000181,lesson,les_aemt_000181,ref_000002,National EMS Education Standards alignment,1
cref_000182,lesson,les_aemt_000182,ref_000002,National EMS Education Standards alignment,1
cref_000183,lesson,les_aemt_000183,ref_000002,National EMS Education Standards alignment,1
cref_000184,lesson,les_aemt_000184,ref_000002,National EMS Education Standards alignment,1
cref_000185,lesson,les_aemt_000185,ref_000002,National EMS Education Standards alignment,1
cref_000186,lesson,les_aemt_000186,ref_000002,National EMS Education Standards alignment,1
cref_000187,lesson,les_aemt_000187,ref_000002,National EMS Education Standards alignment,1
cref_000188,lesson,les_aemt_000188,ref_000002,National EMS Education Standards alignment,1
cref_000189,lesson,les_aemt_000189,ref_000002,National EMS Education Standards alignment,1
cref_000190,lesson,les_aemt_000190,ref_000002,National EMS Education Standards alignment,1
cref_000191,lesson,les_aemt_000191,ref_000002,National EMS Education Standards alignment,1
cref_000192,lesson,les_aemt_000192,ref_000002,National EMS Education Standards alignment,1
cref_000193,lesson,les_aemt_000193,ref_000002,National EMS Education Standards alignment,1
cref_000194,lesson,les_aemt_000194,ref_000002,National EMS Education Standards alignment,1
cref_000195,lesson,les_aemt_000195,ref_000002,National EMS Education Standards alignment,1
cref_000196,lesson,les_aemt_000196,ref_000002,National EMS Education Standards alignment,1
cref_000197,lesson,les_aemt_000197,ref_000002,National EMS Education Standards alignment,1
cref_000198,lesson,les_aemt_000198,ref_000002,National EMS Education Standards alignment,1
cref_000199,lesson,les_aemt_000199,ref_000002,National EMS Education Standards alignment,1
cref_000200,lesson,les_aemt_000200,ref_000002,National EMS Education Standards alignment,1
cref_000201,lesson,les_aemt_000201,ref_000002,National EMS Education Standards alignment,1
cref_000202,lesson,les_aemt_000202,ref_000002,National EMS Education Standards alignment,1
cref_000203,lesson,les_aemt_000203,ref_000002,National EMS Education Standards alignment,1
cref_000204,lesson,les_aemt_000204,ref_000002,National EMS Education Standards alignment,1
cref_000205,lesson,les_aemt_000205,ref_000002,National EMS Education Standards alignment,1
cref_000206,lesson,les_aemt_000206,ref_000002,National EMS Education Standards alignment,1
cref_000207,lesson,les_aemt_000207,ref_000002,National EMS Education Standards alignment,1
cref_000208,lesson,les_aemt_000208,ref_000002,National EMS Education Standards alignment,1
cref_000209,lesson,les_aemt_000209,ref_000002,National EMS Education Standards alignment,1
cref_000210,lesson,les_aemt_000210,ref_000002,National EMS Education Standards alignment,1
cref_000211,lesson,les_aemt_000211,ref_000002,National EMS Education Standards alignment,1
cref_000212,lesson,les_aemt_000212,ref_000002,National EMS Education Standards alignment,1
cref_000213,lesson,les_aemt_000213,ref_000002,National EMS Education Standards alignment,1
cref_000214,lesson,les_aemt_000214,ref_000002,National EMS Education Standards alignment,1
cref_000215,lesson,les_aemt_000215,ref_000002,National EMS Education Standards alignment,1
cref_000216,lesson,les_aemt_000216,ref_000002,National EMS Education Standards alignment,1
cref_000217,lesson,les_aemt_000217,ref_000002,National EMS Education Standards alignment,1
cref_000218,lesson,les_aemt_000218,ref_000002,National EMS Education Standards alignment,1
cref_000219,lesson,les_aemt_000219,ref_000002,National EMS Education Standards alignment,1
cref_000220,lesson,les_aemt_000220,ref_000002,National EMS Education Standards alignment,1
cref_000221,lesson,les_aemt_000221,ref_000002,National EMS Education Standards alignment,1
cref_000222,lesson,les_aemt_000222,ref_000002,National EMS Education Standards alignment,1
cref_000223,lesson,les_aemt_000223,ref_000002,National EMS Education Standards alignment,1
cref_000224,lesson,les_aemt_000224,ref_000002,National EMS Education Standards alignment,1
cref_000225,lesson,les_aemt_000225,ref_000002,National EMS Education Standards alignment,1
cref_000226,lesson,les_aemt_000226,ref_000002,National EMS Education Standards alignment,1
cref_000227,lesson,les_aemt_000227,ref_000002,National EMS Education Standards alignment,1
cref_000228,lesson,les_aemt_000228,ref_000002,National EMS Education Standards alignment,1
cref_000229,lesson,les_aemt_000229,ref_000002,National EMS Education Standards alignment,1
cref_000230,lesson,les_aemt_000230,ref_000002,National EMS Education Standards alignment,1
cref_000231,lesson,les_aemt_000231,ref_000002,National EMS Education Standards alignment,1
cref_000232,lesson,les_aemt_000232,ref_000002,National EMS Education Standards alignment,1
cref_000233,lesson,les_aemt_000233,ref_000002,National EMS Education Standards alignment,1
cref_000234,lesson,les_aemt_000234,ref_000002,National EMS Education Standards alignment,1
cref_000235,lesson,les_aemt_000235,ref_000002,National EMS Education Standards alignment,1
cref_000236,lesson,les_aemt_000236,ref_000002,National EMS Education Standards alignment,1
cref_000237,lesson,les_aemt_000237,ref_000002,National EMS Education Standards alignment,1
cref_000238,lesson,les_aemt_000238,ref_000002,National EMS Education Standards alignment,1
cref_000239,lesson,les_aemt_000239,ref_000002,National EMS Education Standards alignment,1
cref_000240,lesson,les_aemt_000240,ref_000002,National EMS Education Standards alignment,1
cref_000241,lesson,les_aemt_000241,ref_000002,National EMS Education Standards alignment,1
cref_000242,lesson,les_aemt_000242,ref_000002,National EMS Education Standards alignment,1
cref_000243,lesson,les_aemt_000243,ref_000002,National EMS Education Standards alignment,1
cref_000244,lesson,les_aemt_000244,ref_000002,National EMS Education Standards alignment,1
cref_000245,lesson,les_aemt_000245,ref_000002,National EMS Education Standards alignment,1
cref_000246,lesson,les_aemt_000246,ref_000002,National EMS Education Standards alignment,1
cref_000247,lesson,les_aemt_000247,ref_000002,National EMS Education Standards alignment,1
cref_000248,lesson,les_aemt_000248,ref_000002,National EMS Education Standards alignment,1
cref_000249,lesson,les_aemt_000249,ref_000002,National EMS Education Standards alignment,1
cref_000250,lesson,les_aemt_000250,ref_000002,National EMS Education Standards alignment,1
cref_000251,lesson,les_aemt_000251,ref_000002,National EMS Education Standards alignment,1
cref_000252,lesson,les_aemt_000252,ref_000002,National EMS Education Standards alignment,1
cref_000253,lesson,les_aemt_000253,ref_000002,National EMS Education Standards alignment,1
cref_000254,lesson,les_aemt_000254,ref_000002,National EMS Education Standards alignment,1
cref_000255,lesson,les_aemt_000255,ref_000002,National EMS Education Standards alignment,1
cref_000256,lesson,les_aemt_000256,ref_000002,National EMS Education Standards alignment,1
cref_000257,lesson,les_aemt_000257,ref_000002,National EMS Education Standards alignment,1
cref_000258,lesson,les_aemt_000258,ref_000002,National EMS Education Standards alignment,1
cref_000259,lesson,les_aemt_000259,ref_000002,National EMS Education Standards alignment,1
cref_000260,lesson,les_aemt_000260,ref_000002,National EMS Education Standards alignment,1
cref_000261,lesson,les_aemt_000261,ref_000002,National EMS Education Standards alignment,1
cref_000262,lesson,les_aemt_000262,ref_000002,National EMS Education Standards alignment,1
cref_000263,lesson,les_aemt_000263,ref_000002,National EMS Education Standards alignment,1
cref_000264,lesson,les_aemt_000264,ref_000002,National EMS Education Standards alignment,1
cref_000265,lesson,les_aemt_000265,ref_000002,National EMS Education Standards alignment,1
cref_000266,lesson,les_aemt_000266,ref_000002,National EMS Education Standards alignment,1
cref_000267,lesson,les_aemt_000267,ref_000002,National EMS Education Standards alignment,1
cref_000268,lesson,les_aemt_000268,ref_000002,National EMS Education Standards alignment,1
cref_000269,lesson,les_aemt_000269,ref_000002,National EMS Education Standards alignment,1
cref_000270,lesson,les_aemt_000270,ref_000002,National EMS Education Standards alignment,1
cref_000271,lesson,les_aemt_000271,ref_000002,National EMS Education Standards alignment,1
cref_000272,lesson,les_aemt_000272,ref_000002,National EMS Education Standards alignment,1
cref_000273,lesson,les_aemt_000273,ref_000002,National EMS Education Standards alignment,1
cref_000274,lesson,les_aemt_000274,ref_000002,National EMS Education Standards alignment,1
cref_000275,lesson,les_aemt_000275,ref_000002,National EMS Education Standards alignment,1
cref_000276,lesson,les_aemt_000276,ref_000002,National EMS Education Standards alignment,1
cref_000277,lesson,les_aemt_000277,ref_000002,National EMS Education Standards alignment,1
cref_000278,lesson,les_aemt_000278,ref_000002,National EMS Education Standards alignment,1
cref_000279,lesson,les_aemt_000279,ref_000002,National EMS Education Standards alignment,1
cref_000280,lesson,les_aemt_000280,ref_000002,National EMS Education Standards alignment,1
cref_000281,lesson,les_aemt_000281,ref_000002,National EMS Education Standards alignment,1
cref_000282,lesson,les_aemt_000282,ref_000002,National EMS Education Standards alignment,1
cref_000283,lesson,les_aemt_000283,ref_000002,National EMS Education Standards alignment,1
cref_000284,lesson,les_aemt_000284,ref_000002,National EMS Education Standards alignment,1
cref_000285,lesson,les_aemt_000285,ref_000002,National EMS Education Standards alignment,1
cref_000286,lesson,les_aemt_000286,ref_000002,National EMS Education Standards alignment,1
cref_000287,lesson,les_aemt_000287,ref_000002,National EMS Education Standards alignment,1
cref_000288,lesson,les_aemt_000288,ref_000002,National EMS Education Standards alignment,1
cref_000289,lesson,les_aemt_000289,ref_000002,National EMS Education Standards alignment,1
cref_000290,lesson,les_aemt_000290,ref_000002,National EMS Education Standards alignment,1
cref_000291,lesson,les_aemt_000291,ref_000002,National EMS Education Standards alignment,1
cref_000292,lesson,les_aemt_000292,ref_000002,National EMS Education Standards alignment,1
cref_000293,lesson,les_aemt_000293,ref_000002,National EMS Education Standards alignment,1
cref_000294,lesson,les_aemt_000294,ref_000002,National EMS Education Standards alignment,1
cref_000295,lesson,les_aemt_000295,ref_000002,National EMS Education Standards alignment,1
cref_000296,lesson,les_aemt_000296,ref_000002,National EMS Education Standards alignment,1
cref_000297,lesson,les_aemt_000297,ref_000002,National EMS Education Standards alignment,1
cref_000298,lesson,les_aemt_000298,ref_000002,National EMS Education Standards alignment,1
cref_000299,lesson,les_aemt_000299,ref_000002,National EMS Education Standards alignment,1
cref_000300,lesson,les_aemt_000300,ref_000002,National EMS Education Standards alignment,1
cref_000301,lesson,les_aemt_000301,ref_000002,National EMS Education Standards alignment,1
cref_000302,lesson,les_aemt_000302,ref_000002,National EMS Education Standards alignment,1
cref_000303,lesson,les_aemt_000303,ref_000002,National EMS Education Standards alignment,1
cref_000304,lesson,les_aemt_000304,ref_000002,National EMS Education Standards alignment,1
cref_000305,lesson,les_aemt_000305,ref_000002,National EMS Education Standards alignment,1
cref_000306,lesson,les_aemt_000306,ref_000002,National EMS Education Standards alignment,1
cref_000307,lesson,les_aemt_000307,ref_000002,National EMS Education Standards alignment,1
cref_000308,lesson,les_aemt_000308,ref_000002,National EMS Education Standards alignment,1
cref_000309,lesson,les_aemt_000309,ref_000002,National EMS Education Standards alignment,1
cref_000310,lesson,les_aemt_000310,ref_000002,National EMS Education Standards alignment,1
cref_000311,lesson,les_aemt_000311,ref_000002,National EMS Education Standards alignment,1
cref_000312,lesson,les_aemt_000312,ref_000002,National EMS Education Standards alignment,1
cref_000313,lesson,les_aemt_000313,ref_000002,National EMS Education Standards alignment,1
cref_000314,lesson,les_aemt_000314,ref_000002,National EMS Education Standards alignment,1
cref_000315,lesson,les_aemt_000315,ref_000002,National EMS Education Standards alignment,1
cref_000316,lesson,les_aemt_000316,ref_000002,National EMS Education Standards alignment,1
cref_000317,lesson,les_aemt_000317,ref_000002,National EMS Education Standards alignment,1
cref_000318,lesson,les_aemt_000318,ref_000002,National EMS Education Standards alignment,1
cref_000319,lesson,les_aemt_000319,ref_000002,National EMS Education Standards alignment,1
cref_000320,lesson,les_aemt_000320,ref_000002,National EMS Education Standards alignment,1
cref_000321,lesson,les_aemt_000321,ref_000002,National EMS Education Standards alignment,1
cref_000322,lesson,les_aemt_000322,ref_000002,National EMS Education Standards alignment,1
cref_000323,lesson,les_aemt_000323,ref_000002,National EMS Education Standards alignment,1
cref_000324,lesson,les_aemt_000324,ref_000002,National EMS Education Standards alignment,1
cref_000325,lesson,les_aemt_000325,ref_000002,National EMS Education Standards alignment,1
cref_000326,lesson,les_aemt_000326,ref_000002,National EMS Education Standards alignment,1
cref_000327,lesson,les_aemt_000327,ref_000002,National EMS Education Standards alignment,1
cref_000328,lesson,les_aemt_000328,ref_000002,National EMS Education Standards alignment,1
cref_000329,lesson,les_aemt_000329,ref_000002,National EMS Education Standards alignment,1
cref_000330,lesson,les_aemt_000330,ref_000002,National EMS Education Standards alignment,1
cref_000331,lesson,les_aemt_000331,ref_000002,National EMS Education Standards alignment,1
cref_000332,lesson,les_aemt_000332,ref_000002,National EMS Education Standards alignment,1
cref_000333,lesson,les_aemt_000333,ref_000002,National EMS Education Standards alignment,1
cref_000334,lesson,les_aemt_000334,ref_000002,National EMS Education Standards alignment,1
cref_000335,lesson,les_aemt_000335,ref_000002,National EMS Education Standards alignment,1
cref_000336,lesson,les_aemt_000336,ref_000002,National EMS Education Standards alignment,1
cref_000337,lesson,les_aemt_000337,ref_000002,National EMS Education Standards alignment,1
cref_000338,lesson,les_aemt_000338,ref_000002,National EMS Education Standards alignment,1
cref_000339,lesson,les_aemt_000339,ref_000002,National EMS Education Standards alignment,1
cref_000340,lesson,les_aemt_000340,ref_000002,National EMS Education Standards alignment,1
cref_000341,lesson,les_aemt_000341,ref_000002,National EMS Education Standards alignment,1
cref_000342,lesson,les_aemt_000342,ref_000002,National EMS Education Standards alignment,1
cref_000343,lesson,les_aemt_000343,ref_000002,National EMS Education Standards alignment,1
cref_000344,lesson,les_aemt_000344,ref_000002,National EMS Education Standards alignment,1
cref_000345,lesson,les_aemt_000345,ref_000002,National EMS Education Standards alignment,1
cref_000346,lesson,les_aemt_000346,ref_000002,National EMS Education Standards alignment,1
cref_000347,lesson,les_aemt_000347,ref_000002,National EMS Education Standards alignment,1
cref_000348,lesson,les_aemt_000348,ref_000002,National EMS Education Standards alignment,1
cref_000349,lesson,les_aemt_000349,ref_000002,National EMS Education Standards alignment,1
cref_000350,lesson,les_aemt_000350,ref_000002,National EMS Education Standards alignment,1
cref_000351,lesson,les_aemt_000351,ref_000002,National EMS Education Standards alignment,1
cref_000352,lesson,les_aemt_000352,ref_000002,National EMS Education Standards alignment,1
cref_000353,lesson,les_aemt_000353,ref_000002,National EMS Education Standards alignment,1
cref_000354,lesson,les_aemt_000354,ref_000002,National EMS Education Standards alignment,1
cref_000355,lesson,les_aemt_000355,ref_000002,National EMS Education Standards alignment,1
cref_000356,lesson,les_aemt_000356,ref_000002,National EMS Education Standards alignment,1
cref_000357,lesson,les_aemt_000357,ref_000002,National EMS Education Standards alignment,1
cref_000358,lesson,les_aemt_000358,ref_000002,National EMS Education Standards alignment,1
cref_000359,lesson,les_aemt_000359,ref_000002,National EMS Education Standards alignment,1
cref_000360,lesson,les_aemt_000360,ref_000002,National EMS Education Standards alignment,1
cref_000361,lesson,les_paramedic_000361,ref_000002,National EMS Education Standards alignment,1
cref_000362,lesson,les_paramedic_000362,ref_000002,National EMS Education Standards alignment,1
cref_000363,lesson,les_paramedic_000363,ref_000002,National EMS Education Standards alignment,1
cref_000364,lesson,les_paramedic_000364,ref_000002,National EMS Education Standards alignment,1
cref_000365,lesson,les_paramedic_000365,ref_000002,National EMS Education Standards alignment,1
cref_000366,lesson,les_paramedic_000366,ref_000002,National EMS Education Standards alignment,1
cref_000367,lesson,les_paramedic_000367,ref_000002,National EMS Education Standards alignment,1
cref_000368,lesson,les_paramedic_000368,ref_000002,National EMS Education Standards alignment,1
cref_000369,lesson,les_paramedic_000369,ref_000002,National EMS Education Standards alignment,1
cref_000370,lesson,les_paramedic_000370,ref_000002,National EMS Education Standards alignment,1
cref_000371,lesson,les_paramedic_000371,ref_000002,National EMS Education Standards alignment,1
cref_000372,lesson,les_paramedic_000372,ref_000002,National EMS Education Standards alignment,1
cref_000373,lesson,les_paramedic_000373,ref_000002,National EMS Education Standards alignment,1
cref_000374,lesson,les_paramedic_000374,ref_000002,National EMS Education Standards alignment,1
cref_000375,lesson,les_paramedic_000375,ref_000002,National EMS Education Standards alignment,1
cref_000376,lesson,les_paramedic_000376,ref_000002,National EMS Education Standards alignment,1
cref_000377,lesson,les_paramedic_000377,ref_000002,National EMS Education Standards alignment,1
cref_000378,lesson,les_paramedic_000378,ref_000002,National EMS Education Standards alignment,1
cref_000379,lesson,les_paramedic_000379,ref_000002,National EMS Education Standards alignment,1
cref_000380,lesson,les_paramedic_000380,ref_000002,National EMS Education Standards alignment,1
cref_000381,lesson,les_paramedic_000381,ref_000002,National EMS Education Standards alignment,1
cref_000382,lesson,les_paramedic_000382,ref_000002,National EMS Education Standards alignment,1
cref_000383,lesson,les_paramedic_000383,ref_000002,National EMS Education Standards alignment,1
cref_000384,lesson,les_paramedic_000384,ref_000002,National EMS Education Standards alignment,1
cref_000385,lesson,les_paramedic_000385,ref_000002,National EMS Education Standards alignment,1
cref_000386,lesson,les_paramedic_000386,ref_000002,National EMS Education Standards alignment,1
cref_000387,lesson,les_paramedic_000387,ref_000002,National EMS Education Standards alignment,1
cref_000388,lesson,les_paramedic_000388,ref_000002,National EMS Education Standards alignment,1
cref_000389,lesson,les_paramedic_000389,ref_000002,National EMS Education Standards alignment,1
cref_000390,lesson,les_paramedic_000390,ref_000002,National EMS Education Standards alignment,1
cref_000391,lesson,les_paramedic_000391,ref_000002,National EMS Education Standards alignment,1
cref_000392,lesson,les_paramedic_000392,ref_000002,National EMS Education Standards alignment,1
cref_000393,lesson,les_paramedic_000393,ref_000002,National EMS Education Standards alignment,1
cref_000394,lesson,les_paramedic_000394,ref_000002,National EMS Education Standards alignment,1
cref_000395,lesson,les_paramedic_000395,ref_000002,National EMS Education Standards alignment,1
cref_000396,lesson,les_paramedic_000396,ref_000002,National EMS Education Standards alignment,1
cref_000397,lesson,les_paramedic_000397,ref_000002,National EMS Education Standards alignment,1
cref_000398,lesson,les_paramedic_000398,ref_000002,National EMS Education Standards alignment,1
cref_000399,lesson,les_paramedic_000399,ref_000002,National EMS Education Standards alignment,1
cref_000400,lesson,les_paramedic_000400,ref_000002,National EMS Education Standards alignment,1
cref_000401,lesson,les_paramedic_000401,ref_000002,National EMS Education Standards alignment,1
cref_000402,lesson,les_paramedic_000402,ref_000002,National EMS Education Standards alignment,1
cref_000403,lesson,les_paramedic_000403,ref_000002,National EMS Education Standards alignment,1
cref_000404,lesson,les_paramedic_000404,ref_000002,National EMS Education Standards alignment,1
cref_000405,lesson,les_paramedic_000405,ref_000002,National EMS Education Standards alignment,1
cref_000406,lesson,les_paramedic_000406,ref_000002,National EMS Education Standards alignment,1
cref_000407,lesson,les_paramedic_000407,ref_000002,National EMS Education Standards alignment,1
cref_000408,lesson,les_paramedic_000408,ref_000002,National EMS Education Standards alignment,1
cref_000409,lesson,les_paramedic_000409,ref_000002,National EMS Education Standards alignment,1
cref_000410,lesson,les_paramedic_000410,ref_000002,National EMS Education Standards alignment,1
cref_000411,lesson,les_paramedic_000411,ref_000002,National EMS Education Standards alignment,1
cref_000412,lesson,les_paramedic_000412,ref_000002,National EMS Education Standards alignment,1
cref_000413,lesson,les_paramedic_000413,ref_000002,National EMS Education Standards alignment,1
cref_000414,lesson,les_paramedic_000414,ref_000002,National EMS Education Standards alignment,1
cref_000415,lesson,les_paramedic_000415,ref_000002,National EMS Education Standards alignment,1
cref_000416,lesson,les_paramedic_000416,ref_000002,National EMS Education Standards alignment,1
cref_000417,lesson,les_paramedic_000417,ref_000002,National EMS Education Standards alignment,1
cref_000418,lesson,les_paramedic_000418,ref_000002,National EMS Education Standards alignment,1
cref_000419,lesson,les_paramedic_000419,ref_000002,National EMS Education Standards alignment,1
cref_000420,lesson,les_paramedic_000420,ref_000002,National EMS Education Standards alignment,1
cref_000421,lesson,les_paramedic_000421,ref_000002,National EMS Education Standards alignment,1
cref_000422,lesson,les_paramedic_000422,ref_000002,National EMS Education Standards alignment,1
cref_000423,lesson,les_paramedic_000423,ref_000002,National EMS Education Standards alignment,1
cref_000424,lesson,les_paramedic_000424,ref_000002,National EMS Education Standards alignment,1
cref_000425,lesson,les_paramedic_000425,ref_000002,National EMS Education Standards alignment,1
cref_000426,lesson,les_paramedic_000426,ref_000002,National EMS Education Standards alignment,1
cref_000427,lesson,les_paramedic_000427,ref_000002,National EMS Education Standards alignment,1
cref_000428,lesson,les_paramedic_000428,ref_000002,National EMS Education Standards alignment,1
cref_000429,lesson,les_paramedic_000429,ref_000002,National EMS Education Standards alignment,1
cref_000430,lesson,les_paramedic_000430,ref_000002,National EMS Education Standards alignment,1
cref_000431,lesson,les_paramedic_000431,ref_000002,National EMS Education Standards alignment,1
cref_000432,lesson,les_paramedic_000432,ref_000002,National EMS Education Standards alignment,1
cref_000433,lesson,les_paramedic_000433,ref_000002,National EMS Education Standards alignment,1
cref_000434,lesson,les_paramedic_000434,ref_000002,National EMS Education Standards alignment,1
cref_000435,lesson,les_paramedic_000435,ref_000002,National EMS Education Standards alignment,1
cref_000436,lesson,les_paramedic_000436,ref_000002,National EMS Education Standards alignment,1
cref_000437,lesson,les_paramedic_000437,ref_000002,National EMS Education Standards alignment,1
cref_000438,lesson,les_paramedic_000438,ref_000002,National EMS Education Standards alignment,1
cref_000439,lesson,les_paramedic_000439,ref_000002,National EMS Education Standards alignment,1
cref_000440,lesson,les_paramedic_000440,ref_000002,National EMS Education Standards alignment,1
cref_000441,lesson,les_paramedic_000441,ref_000002,National EMS Education Standards alignment,1
cref_000442,lesson,les_paramedic_000442,ref_000002,National EMS Education Standards alignment,1
cref_000443,lesson,les_paramedic_000443,ref_000002,National EMS Education Standards alignment,1
cref_000444,lesson,les_paramedic_000444,ref_000002,National EMS Education Standards alignment,1
cref_000445,lesson,les_paramedic_000445,ref_000002,National EMS Education Standards alignment,1
cref_000446,lesson,les_paramedic_000446,ref_000002,National EMS Education Standards alignment,1
cref_000447,lesson,les_paramedic_000447,ref_000002,National EMS Education Standards alignment,1
cref_000448,lesson,les_paramedic_000448,ref_000002,National EMS Education Standards alignment,1
cref_000449,lesson,les_paramedic_000449,ref_000002,National EMS Education Standards alignment,1
cref_000450,lesson,les_paramedic_000450,ref_000002,National EMS Education Standards alignment,1
cref_000451,lesson,les_paramedic_000451,ref_000002,National EMS Education Standards alignment,1
cref_000452,lesson,les_paramedic_000452,ref_000002,National EMS Education Standards alignment,1
cref_000453,lesson,les_paramedic_000453,ref_000002,National EMS Education Standards alignment,1
cref_000454,lesson,les_paramedic_000454,ref_000002,National EMS Education Standards alignment,1
cref_000455,lesson,les_paramedic_000455,ref_000002,National EMS Education Standards alignment,1
cref_000456,lesson,les_paramedic_000456,ref_000002,National EMS Education Standards alignment,1
cref_000457,lesson,les_paramedic_000457,ref_000002,National EMS Education Standards alignment,1
cref_000458,lesson,les_paramedic_000458,ref_000002,National EMS Education Standards alignment,1
cref_000459,lesson,les_paramedic_000459,ref_000002,National EMS Education Standards alignment,1
cref_000460,lesson,les_paramedic_000460,ref_000002,National EMS Education Standards alignment,1
cref_000461,lesson,les_paramedic_000461,ref_000002,National EMS Education Standards alignment,1
cref_000462,lesson,les_paramedic_000462,ref_000002,National EMS Education Standards alignment,1
cref_000463,lesson,les_paramedic_000463,ref_000002,National EMS Education Standards alignment,1
cref_000464,lesson,les_paramedic_000464,ref_000002,National EMS Education Standards alignment,1
cref_000465,lesson,les_paramedic_000465,ref_000002,National EMS Education Standards alignment,1
cref_000466,lesson,les_paramedic_000466,ref_000002,National EMS Education Standards alignment,1
cref_000467,lesson,les_paramedic_000467,ref_000002,National EMS Education Standards alignment,1
cref_000468,lesson,les_paramedic_000468,ref_000002,National EMS Education Standards alignment,1
cref_000469,lesson,les_paramedic_000469,ref_000002,National EMS Education Standards alignment,1
cref_000470,lesson,les_paramedic_000470,ref_000002,National EMS Education Standards alignment,1
cref_000471,lesson,les_paramedic_000471,ref_000002,National EMS Education Standards alignment,1
cref_000472,lesson,les_paramedic_000472,ref_000002,National EMS Education Standards alignment,1
cref_000473,lesson,les_paramedic_000473,ref_000002,National EMS Education Standards alignment,1
cref_000474,lesson,les_paramedic_000474,ref_000002,National EMS Education Standards alignment,1
cref_000475,lesson,les_paramedic_000475,ref_000002,National EMS Education Standards alignment,1
cref_000476,lesson,les_paramedic_000476,ref_000002,National EMS Education Standards alignment,1
cref_000477,lesson,les_paramedic_000477,ref_000002,National EMS Education Standards alignment,1
cref_000478,lesson,les_paramedic_000478,ref_000002,National EMS Education Standards alignment,1
cref_000479,lesson,les_paramedic_000479,ref_000002,National EMS Education Standards alignment,1
cref_000480,lesson,les_paramedic_000480,ref_000002,National EMS Education Standards alignment,1
cref_000481,lesson,les_paramedic_000481,ref_000002,National EMS Education Standards alignment,1
cref_000482,lesson,les_paramedic_000482,ref_000002,National EMS Education Standards alignment,1
cref_000483,lesson,les_paramedic_000483,ref_000002,National EMS Education Standards alignment,1
cref_000484,lesson,les_paramedic_000484,ref_000002,National EMS Education Standards alignment,1
cref_000485,lesson,les_paramedic_000485,ref_000002,National EMS Education Standards alignment,1
cref_000486,lesson,les_paramedic_000486,ref_000002,National EMS Education Standards alignment,1
cref_000487,lesson,les_paramedic_000487,ref_000002,National EMS Education Standards alignment,1
cref_000488,lesson,les_paramedic_000488,ref_000002,National EMS Education Standards alignment,1
cref_000489,lesson,les_paramedic_000489,ref_000002,National EMS Education Standards alignment,1
cref_000490,lesson,les_paramedic_000490,ref_000002,National EMS Education Standards alignment,1
cref_000491,lesson,les_paramedic_000491,ref_000002,National EMS Education Standards alignment,1
cref_000492,lesson,les_paramedic_000492,ref_000002,National EMS Education Standards alignment,1
cref_000493,lesson,les_paramedic_000493,ref_000002,National EMS Education Standards alignment,1
cref_000494,lesson,les_paramedic_000494,ref_000002,National EMS Education Standards alignment,1
cref_000495,lesson,les_paramedic_000495,ref_000002,National EMS Education Standards alignment,1
cref_000496,lesson,les_paramedic_000496,ref_000002,National EMS Education Standards alignment,1
cref_000497,lesson,les_paramedic_000497,ref_000002,National EMS Education Standards alignment,1
cref_000498,lesson,les_paramedic_000498,ref_000002,National EMS Education Standards alignment,1
cref_000499,lesson,les_paramedic_000499,ref_000002,National EMS Education Standards alignment,1
cref_000500,lesson,les_paramedic_000500,ref_000002,National EMS Education Standards alignment,1
cref_000501,lesson,les_paramedic_000501,ref_000002,National EMS Education Standards alignment,1
cref_000502,lesson,les_paramedic_000502,ref_000002,National EMS Education Standards alignment,1
cref_000503,lesson,les_paramedic_000503,ref_000002,National EMS Education Standards alignment,1
cref_000504,lesson,les_paramedic_000504,ref_000002,National EMS Education Standards alignment,1
cref_000505,lesson,les_paramedic_000505,ref_000002,National EMS Education Standards alignment,1
cref_000506,lesson,les_paramedic_000506,ref_000002,National EMS Education Standards alignment,1
cref_000507,lesson,les_paramedic_000507,ref_000002,National EMS Education Standards alignment,1
cref_000508,lesson,les_paramedic_000508,ref_000002,National EMS Education Standards alignment,1
cref_000509,lesson,les_paramedic_000509,ref_000002,National EMS Education Standards alignment,1
cref_000510,lesson,les_paramedic_000510,ref_000002,National EMS Education Standards alignment,1
cref_000511,lesson,les_paramedic_000511,ref_000002,National EMS Education Standards alignment,1
cref_000512,lesson,les_paramedic_000512,ref_000002,National EMS Education Standards alignment,1
cref_000513,lesson,les_paramedic_000513,ref_000002,National EMS Education Standards alignment,1
cref_000514,lesson,les_paramedic_000514,ref_000002,National EMS Education Standards alignment,1
cref_000515,lesson,les_paramedic_000515,ref_000002,National EMS Education Standards alignment,1
cref_000516,lesson,les_paramedic_000516,ref_000002,National EMS Education Standards alignment,1
cref_000517,lesson,les_paramedic_000517,ref_000002,National EMS Education Standards alignment,1
cref_000518,lesson,les_paramedic_000518,ref_000002,National EMS Education Standards alignment,1
cref_000519,lesson,les_paramedic_000519,ref_000002,National EMS Education Standards alignment,1
cref_000520,lesson,les_paramedic_000520,ref_000002,National EMS Education Standards alignment,1
cref_000521,lesson,les_paramedic_000521,ref_000002,National EMS Education Standards alignment,1
cref_000522,lesson,les_paramedic_000522,ref_000002,National EMS Education Standards alignment,1
cref_000523,lesson,les_paramedic_000523,ref_000002,National EMS Education Standards alignment,1
cref_000524,lesson,les_paramedic_000524,ref_000002,National EMS Education Standards alignment,1
cref_000525,lesson,les_paramedic_000525,ref_000002,National EMS Education Standards alignment,1
cref_000526,lesson,les_paramedic_000526,ref_000002,National EMS Education Standards alignment,1
cref_000527,lesson,les_paramedic_000527,ref_000002,National EMS Education Standards alignment,1
cref_000528,lesson,les_paramedic_000528,ref_000002,National EMS Education Standards alignment,1
cref_000529,lesson,les_paramedic_000529,ref_000002,National EMS Education Standards alignment,1
cref_000530,lesson,les_paramedic_000530,ref_000002,National EMS Education Standards alignment,1
cref_000531,lesson,les_paramedic_000531,ref_000002,National EMS Education Standards alignment,1
cref_000532,lesson,les_paramedic_000532,ref_000002,National EMS Education Standards alignment,1
cref_000533,lesson,les_paramedic_000533,ref_000002,National EMS Education Standards alignment,1
cref_000534,lesson,les_paramedic_000534,ref_000002,National EMS Education Standards alignment,1
cref_000535,lesson,les_paramedic_000535,ref_000002,National EMS Education Standards alignment,1
cref_000536,lesson,les_paramedic_000536,ref_000002,National EMS Education Standards alignment,1
cref_000537,lesson,les_paramedic_000537,ref_000002,National EMS Education Standards alignment,1
cref_000538,lesson,les_paramedic_000538,ref_000002,National EMS Education Standards alignment,1
cref_000539,lesson,les_paramedic_000539,ref_000002,National EMS Education Standards alignment,1
cref_000540,lesson,les_paramedic_000540,ref_000002,National EMS Education Standards alignment,1
cref_000541,lesson,les_paramedic_000541,ref_000002,National EMS Education Standards alignment,1
cref_000542,lesson,les_paramedic_000542,ref_000002,National EMS Education Standards alignment,1
cref_000543,lesson,les_paramedic_000543,ref_000002,National EMS Education Standards alignment,1
cref_000544,lesson,les_paramedic_000544,ref_000002,National EMS Education Standards alignment,1
cref_000545,lesson,les_paramedic_000545,ref_000002,National EMS Education Standards alignment,1
cref_000546,lesson,les_paramedic_000546,ref_000002,National EMS Education Standards alignment,1
cref_000547,lesson,les_paramedic_000547,ref_000002,National EMS Education Standards alignment,1
cref_000548,lesson,les_paramedic_000548,ref_000002,National EMS Education Standards alignment,1
cref_000549,lesson,les_paramedic_000549,ref_000002,National EMS Education Standards alignment,1
cref_000550,lesson,les_paramedic_000550,ref_000002,National EMS Education Standards alignment,1
cref_000551,lesson,les_paramedic_000551,ref_000002,National EMS Education Standards alignment,1
cref_000552,lesson,les_paramedic_000552,ref_000002,National EMS Education Standards alignment,1
cref_000553,lesson,les_paramedic_000553,ref_000002,National EMS Education Standards alignment,1
cref_000554,lesson,les_paramedic_000554,ref_000002,National EMS Education Standards alignment,1
cref_000555,lesson,les_paramedic_000555,ref_000002,National EMS Education Standards alignment,1
cref_000556,lesson,les_paramedic_000556,ref_000002,National EMS Education Standards alignment,1
cref_000557,lesson,les_paramedic_000557,ref_000002,National EMS Education Standards alignment,1
cref_000558,lesson,les_paramedic_000558,ref_000002,National EMS Education Standards alignment,1
cref_000559,lesson,les_paramedic_000559,ref_000002,National EMS Education Standards alignment,1
cref_000560,lesson,les_paramedic_000560,ref_000002,National EMS Education Standards alignment,1
cref_000561,lesson,les_paramedic_000561,ref_000002,National EMS Education Standards alignment,1
cref_000562,lesson,les_paramedic_000562,ref_000002,National EMS Education Standards alignment,1
cref_000563,lesson,les_paramedic_000563,ref_000002,National EMS Education Standards alignment,1
cref_000564,lesson,les_paramedic_000564,ref_000002,National EMS Education Standards alignment,1
cref_000565,lesson,les_paramedic_000565,ref_000002,National EMS Education Standards alignment,1
cref_000566,lesson,les_paramedic_000566,ref_000002,National EMS Education Standards alignment,1
cref_000567,lesson,les_paramedic_000567,ref_000002,National EMS Education Standards alignment,1
cref_000568,lesson,les_paramedic_000568,ref_000002,National EMS Education Standards alignment,1
cref_000569,lesson,les_paramedic_000569,ref_000002,National EMS Education Standards alignment,1
cref_000570,lesson,les_paramedic_000570,ref_000002,National EMS Education Standards alignment,1
cref_000571,lesson,les_paramedic_000571,ref_000002,National EMS Education Standards alignment,1
cref_000572,lesson,les_paramedic_000572,ref_000002,National EMS Education Standards alignment,1
cref_000573,lesson,les_paramedic_000573,ref_000002,National EMS Education Standards alignment,1
cref_000574,lesson,les_paramedic_000574,ref_000002,National EMS Education Standards alignment,1
cref_000575,lesson,les_paramedic_000575,ref_000002,National EMS Education Standards alignment,1
cref_000576,lesson,les_paramedic_000576,ref_000002,National EMS Education Standards alignment,1
cref_000577,question,q_emt_000001,ref_000004,Public NREMT blueprint alignment; original item.,1
cref_000578,question,q_emt_000002,ref_000004,Public NREMT blueprint alignment; original item.,1
cref_000579,question,q_emt_000003,ref_000004,Public NREMT blueprint alignment; original item.,1
cref_000580,question,q_emt_000004,ref_000004,Public NREMT blueprint alignment; original item.,1
cref_000581,question,q_emt_000005,ref_000004,Public NREMT blueprint alignment; original item.,1
cref_000582,question,q_emt_000006,ref_000004,Public NREMT blueprint alignment; original item.,1
cref_000583,question,q_emt_000007,ref_000004,Public NREMT blueprint alignment; original item.,1
cref_000584,question,q_emt_000008,ref_000004,Public NREMT blueprint alignment; original item.,1
cref_000585,question,q_emt_000009,ref_000004,Public NREMT blueprint alignment; original item.,1
cref_000586,question,q_emt_000010,ref_000004,Public NREMT blueprint alignment; original item.,1
cref_000587,question,q_emt_000011,ref_000004,Public NREMT blueprint alignment; original item.,1
cref_000588,question,q_emt_000012,ref_000004,Public NREMT blueprint alignment; original item.,1
cref_000589,question,q_emt_000013,ref_000004,Public NREMT blueprint alignment; original item.,1
cref_000590,question,q_emt_000014,ref_000004,Public NREMT blueprint alignment; original item.,1
cref_000591,question,q_emt_000015,ref_000004,Public NREMT blueprint alignment; original item.,1
cref_000592,question,q_emt_000016,ref_000004,Public NREMT blueprint alignment; original item.,1
cref_000593,question,q_emt_000017,ref_000004,Public NREMT blueprint alignment; original item.,1
cref_000594,question,q_emt_000018,ref_000004,Public NREMT blueprint alignment; original item.,1
cref_000595,question,q_emt_000019,ref_000004,Public NREMT blueprint alignment; original item.,1
cref_000596,question,q_emt_000020,ref_000004,Public NREMT blueprint alignment; original item.,1
cref_000597,question,q_emt_000021,ref_000004,Public NREMT blueprint alignment; original item.,1
cref_000598,question,q_emt_000022,ref_000004,Public NREMT blueprint alignment; original item.,1
cref_000599,question,q_emt_000023,ref_000004,Public NREMT blueprint alignment; original item.,1
cref_000600,question,q_emt_000024,ref_000004,Public NREMT blueprint alignment; original item.,1
cref_000601,question,q_emt_000025,ref_000004,Public NREMT blueprint alignment; original item.,1
cref_000602,question,q_emt_000026,ref_000004,Public NREMT blueprint alignment; original item.,1
cref_000603,question,q_emt_000027,ref_000004,Public NREMT blueprint alignment; original item.,1
cref_000604,question,q_emt_000028,ref_000004,Public NREMT blueprint alignment; original item.,1
cref_000605,question,q_emt_000029,ref_000004,Public NREMT blueprint alignment; original item.,1
cref_000606,question,q_emt_000030,ref_000004,Public NREMT blueprint alignment; original item.,1
cref_000607,question,q_emt_000031,ref_000004,Public NREMT blueprint alignment; original item.,1
cref_000608,question,q_emt_000032,ref_000004,Public NREMT blueprint alignment; original item.,1
cref_000609,question,q_emt_000033,ref_000004,Public NREMT blueprint alignment; original item.,1
cref_000610,question,q_emt_000034,ref_000004,Public NREMT blueprint alignment; original item.,1
cref_000611,question,q_emt_000035,ref_000004,Public NREMT blueprint alignment; original item.,1
cref_000612,question,q_emt_000036,ref_000004,Public NREMT blueprint alignment; original item.,1
cref_000613,question,q_emt_000037,ref_000004,Public NREMT blueprint alignment; original item.,1
cref_000614,question,q_emt_000038,ref_000004,Public NREMT blueprint alignment; original item.,1
cref_000615,question,q_emt_000039,ref_000004,Public NREMT blueprint alignment; original item.,1
cref_000616,question,q_emt_000040,ref_000004,Public NREMT blueprint alignment; original item.,1
cref_000617,question,q_emt_000041,ref_000004,Public NREMT blueprint alignment; original item.,1
cref_000618,question,q_emt_000042,ref_000004,Public NREMT blueprint alignment; original item.,1
cref_000619,question,q_emt_000043,ref_000004,Public NREMT blueprint alignment; original item.,1
cref_000620,question,q_emt_000044,ref_000004,Public NREMT blueprint alignment; original item.,1
cref_000621,question,q_emt_000045,ref_000004,Public NREMT blueprint alignment; original item.,1
cref_000622,question,q_emt_000046,ref_000004,Public NREMT blueprint alignment; original item.,1
cref_000623,question,q_emt_000047,ref_000004,Public NREMT blueprint alignment; original item.,1
cref_000624,question,q_emt_000048,ref_000004,Public NREMT blueprint alignment; original item.,1
cref_000625,question,q_emt_000049,ref_000004,Public NREMT blueprint alignment; original item.,1
cref_000626,question,q_emt_000050,ref_000004,Public NREMT blueprint alignment; original item.,1
cref_000627,question,q_emt_000051,ref_000004,Public NREMT blueprint alignment; original item.,1
cref_000628,question,q_emt_000052,ref_000004,Public NREMT blueprint alignment; original item.,1
cref_000629,question,q_emt_000053,ref_000004,Public NREMT blueprint alignment; original item.,1
cref_000630,question,q_emt_000054,ref_000004,Public NREMT blueprint alignment; original item.,1
cref_000631,question,q_emt_000055,ref_000004,Public NREMT blueprint alignment; original item.,1
cref_000632,question,q_emt_000056,ref_000004,Public NREMT blueprint alignment; original item.,1
cref_000633,question,q_emt_000057,ref_000004,Public NREMT blueprint alignment; original item.,1
cref_000634,question,q_emt_000058,ref_000004,Public NREMT blueprint alignment; original item.,1
cref_000635,question,q_emt_000059,ref_000004,Public NREMT blueprint alignment; original item.,1
cref_000636,question,q_emt_000060,ref_000004,Public NREMT blueprint alignment; original item.,1
cref_000637,question,q_emt_000061,ref_000004,Public NREMT blueprint alignment; original item.,1
cref_000638,question,q_emt_000062,ref_000004,Public NREMT blueprint alignment; original item.,1
cref_000639,question,q_emt_000063,ref_000004,Public NREMT blueprint alignment; original item.,1
cref_000640,question,q_emt_000064,ref_000004,Public NREMT blueprint alignment; original item.,1
cref_000641,question,q_emt_000065,ref_000004,Public NREMT blueprint alignment; original item.,1
cref_000642,question,q_emt_000066,ref_000004,Public NREMT blueprint alignment; original item.,1
cref_000643,question,q_emt_000067,ref_000004,Public NREMT blueprint alignment; original item.,1
cref_000644,question,q_emt_000068,ref_000004,Public NREMT blueprint alignment; original item.,1
cref_000645,question,q_emt_000069,ref_000004,Public NREMT blueprint alignment; original item.,1
cref_000646,question,q_emt_000070,ref_000004,Public NREMT blueprint alignment; original item.,1
cref_000647,question,q_emt_000071,ref_000004,Public NREMT blueprint alignment; original item.,1
cref_000648,question,q_emt_000072,ref_000004,Public NREMT blueprint alignment; original item.,1
cref_000649,question,q_emt_000073,ref_000004,Public NREMT blueprint alignment; original item.,1
cref_000650,question,q_emt_000074,ref_000004,Public NREMT blueprint alignment; original item.,1
cref_000651,question,q_emt_000075,ref_000004,Public NREMT blueprint alignment; original item.,1
cref_000652,question,q_emt_000076,ref_000004,Public NREMT blueprint alignment; original item.,1
cref_000653,question,q_emt_000077,ref_000004,Public NREMT blueprint alignment; original item.,1
cref_000654,question,q_emt_000078,ref_000004,Public NREMT blueprint alignment; original item.,1
cref_000655,question,q_emt_000079,ref_000004,Public NREMT blueprint alignment; original item.,1
cref_000656,question,q_emt_000080,ref_000004,Public NREMT blueprint alignment; original item.,1
cref_000657,question,q_emt_000081,ref_000004,Public NREMT blueprint alignment; original item.,1
cref_000658,question,q_emt_000082,ref_000004,Public NREMT blueprint alignment; original item.,1
cref_000659,question,q_emt_000083,ref_000004,Public NREMT blueprint alignment; original item.,1
cref_000660,question,q_emt_000084,ref_000004,Public NREMT blueprint alignment; original item.,1
cref_000661,question,q_emt_000085,ref_000004,Public NREMT blueprint alignment; original item.,1
cref_000662,question,q_emt_000086,ref_000004,Public NREMT blueprint alignment; original item.,1
cref_000663,question,q_emt_000087,ref_000004,Public NREMT blueprint alignment; original item.,1
cref_000664,question,q_emt_000088,ref_000004,Public NREMT blueprint alignment; original item.,1
cref_000665,question,q_emt_000089,ref_000004,Public NREMT blueprint alignment; original item.,1
cref_000666,question,q_emt_000090,ref_000004,Public NREMT blueprint alignment; original item.,1
cref_000667,question,q_emt_000091,ref_000004,Public NREMT blueprint alignment; original item.,1
cref_000668,question,q_emt_000092,ref_000004,Public NREMT blueprint alignment; original item.,1
cref_000669,question,q_emt_000093,ref_000004,Public NREMT blueprint alignment; original item.,1
cref_000670,question,q_emt_000094,ref_000004,Public NREMT blueprint alignment; original item.,1
cref_000671,question,q_emt_000095,ref_000004,Public NREMT blueprint alignment; original item.,1
cref_000672,question,q_emt_000096,ref_000004,Public NREMT blueprint alignment; original item.,1
cref_000673,question,q_emt_000097,ref_000004,Public NREMT blueprint alignment; original item.,1
cref_000674,question,q_emt_000098,ref_000004,Public NREMT blueprint alignment; original item.,1
cref_000675,question,q_emt_000099,ref_000004,Public NREMT blueprint alignment; original item.,1
cref_000676,question,q_emt_000100,ref_000004,Public NREMT blueprint alignment; original item.,1
cref_000677,question,q_emt_000101,ref_000004,Public NREMT blueprint alignment; original item.,1
cref_000678,question,q_emt_000102,ref_000004,Public NREMT blueprint alignment; original item.,1
cref_000679,question,q_emt_000103,ref_000004,Public NREMT blueprint alignment; original item.,1
cref_000680,question,q_emt_000104,ref_000004,Public NREMT blueprint alignment; original item.,1
cref_000681,question,q_emt_000105,ref_000004,Public NREMT blueprint alignment; original item.,1
cref_000682,question,q_emt_000106,ref_000004,Public NREMT blueprint alignment; original item.,1
cref_000683,question,q_emt_000107,ref_000004,Public NREMT blueprint alignment; original item.,1
cref_000684,question,q_emt_000108,ref_000004,Public NREMT blueprint alignment; original item.,1
cref_000685,question,q_emt_000109,ref_000004,Public NREMT blueprint alignment; original item.,1
cref_000686,question,q_emt_000110,ref_000004,Public NREMT blueprint alignment; original item.,1
cref_000687,question,q_emt_000111,ref_000004,Public NREMT blueprint alignment; original item.,1
cref_000688,question,q_emt_000112,ref_000004,Public NREMT blueprint alignment; original item.,1
cref_000689,question,q_emt_000113,ref_000004,Public NREMT blueprint alignment; original item.,1
cref_000690,question,q_emt_000114,ref_000004,Public NREMT blueprint alignment; original item.,1
cref_000691,question,q_emt_000115,ref_000004,Public NREMT blueprint alignment; original item.,1
cref_000692,question,q_emt_000116,ref_000004,Public NREMT blueprint alignment; original item.,1
cref_000693,question,q_emt_000117,ref_000004,Public NREMT blueprint alignment; original item.,1
cref_000694,question,q_emt_000118,ref_000004,Public NREMT blueprint alignment; original item.,1
cref_000695,question,q_emt_000119,ref_000004,Public NREMT blueprint alignment; original item.,1
cref_000696,question,q_emt_000120,ref_000004,Public NREMT blueprint alignment; original item.,1
cref_000697,question,q_emt_000121,ref_000004,Public NREMT blueprint alignment; original item.,1
cref_000698,question,q_emt_000122,ref_000004,Public NREMT blueprint alignment; original item.,1
cref_000699,question,q_emt_000123,ref_000004,Public NREMT blueprint alignment; original item.,1
cref_000700,question,q_emt_000124,ref_000004,Public NREMT blueprint alignment; original item.,1
cref_000701,question,q_emt_000125,ref_000004,Public NREMT blueprint alignment; original item.,1
cref_000702,question,q_emt_000126,ref_000004,Public NREMT blueprint alignment; original item.,1
cref_000703,question,q_emt_000127,ref_000004,Public NREMT blueprint alignment; original item.,1
cref_000704,question,q_emt_000128,ref_000004,Public NREMT blueprint alignment; original item.,1
cref_000705,question,q_emt_000129,ref_000004,Public NREMT blueprint alignment; original item.,1
cref_000706,question,q_emt_000130,ref_000004,Public NREMT blueprint alignment; original item.,1
cref_000707,question,q_emt_000131,ref_000004,Public NREMT blueprint alignment; original item.,1
cref_000708,question,q_emt_000132,ref_000004,Public NREMT blueprint alignment; original item.,1
cref_000709,question,q_emt_000133,ref_000004,Public NREMT blueprint alignment; original item.,1
cref_000710,question,q_emt_000134,ref_000004,Public NREMT blueprint alignment; original item.,1
cref_000711,question,q_emt_000135,ref_000004,Public NREMT blueprint alignment; original item.,1
cref_000712,question,q_emt_000136,ref_000004,Public NREMT blueprint alignment; original item.,1
cref_000713,question,q_emt_000137,ref_000004,Public NREMT blueprint alignment; original item.,1
cref_000714,question,q_emt_000138,ref_000004,Public NREMT blueprint alignment; original item.,1
cref_000715,question,q_emt_000139,ref_000004,Public NREMT blueprint alignment; original item.,1
cref_000716,question,q_emt_000140,ref_000004,Public NREMT blueprint alignment; original item.,1
cref_000717,question,q_emt_000141,ref_000004,Public NREMT blueprint alignment; original item.,1
cref_000718,question,q_emt_000142,ref_000004,Public NREMT blueprint alignment; original item.,1
cref_000719,question,q_emt_000143,ref_000004,Public NREMT blueprint alignment; original item.,1
cref_000720,question,q_emt_000144,ref_000004,Public NREMT blueprint alignment; original item.,1
cref_000721,question,q_emt_000145,ref_000004,Public NREMT blueprint alignment; original item.,1
cref_000722,question,q_emt_000146,ref_000004,Public NREMT blueprint alignment; original item.,1
cref_000723,question,q_emt_000147,ref_000004,Public NREMT blueprint alignment; original item.,1
cref_000724,question,q_emt_000148,ref_000004,Public NREMT blueprint alignment; original item.,1
cref_000725,question,q_emt_000149,ref_000004,Public NREMT blueprint alignment; original item.,1
cref_000726,question,q_emt_000150,ref_000004,Public NREMT blueprint alignment; original item.,1
cref_000727,question,q_emt_000151,ref_000004,Public NREMT blueprint alignment; original item.,1
cref_000728,question,q_emt_000152,ref_000004,Public NREMT blueprint alignment; original item.,1
cref_000729,question,q_emt_000153,ref_000004,Public NREMT blueprint alignment; original item.,1
cref_000730,question,q_emt_000154,ref_000004,Public NREMT blueprint alignment; original item.,1
cref_000731,question,q_emt_000155,ref_000004,Public NREMT blueprint alignment; original item.,1
cref_000732,question,q_emt_000156,ref_000004,Public NREMT blueprint alignment; original item.,1
cref_000733,question,q_emt_000157,ref_000004,Public NREMT blueprint alignment; original item.,1
cref_000734,question,q_emt_000158,ref_000004,Public NREMT blueprint alignment; original item.,1
cref_000735,question,q_emt_000159,ref_000004,Public NREMT blueprint alignment; original item.,1
cref_000736,question,q_emt_000160,ref_000004,Public NREMT blueprint alignment; original item.,1
cref_000737,question,q_aemt_000161,ref_000005,Public NREMT blueprint alignment; original item.,1
cref_000738,question,q_aemt_000162,ref_000005,Public NREMT blueprint alignment; original item.,1
cref_000739,question,q_aemt_000163,ref_000005,Public NREMT blueprint alignment; original item.,1
cref_000740,question,q_aemt_000164,ref_000005,Public NREMT blueprint alignment; original item.,1
cref_000741,question,q_aemt_000165,ref_000005,Public NREMT blueprint alignment; original item.,1
cref_000742,question,q_aemt_000166,ref_000005,Public NREMT blueprint alignment; original item.,1
cref_000743,question,q_aemt_000167,ref_000005,Public NREMT blueprint alignment; original item.,1
cref_000744,question,q_aemt_000168,ref_000005,Public NREMT blueprint alignment; original item.,1
cref_000745,question,q_aemt_000169,ref_000005,Public NREMT blueprint alignment; original item.,1
cref_000746,question,q_aemt_000170,ref_000005,Public NREMT blueprint alignment; original item.,1
cref_000747,question,q_aemt_000171,ref_000005,Public NREMT blueprint alignment; original item.,1
cref_000748,question,q_aemt_000172,ref_000005,Public NREMT blueprint alignment; original item.,1
cref_000749,question,q_aemt_000173,ref_000005,Public NREMT blueprint alignment; original item.,1
cref_000750,question,q_aemt_000174,ref_000005,Public NREMT blueprint alignment; original item.,1
cref_000751,question,q_aemt_000175,ref_000005,Public NREMT blueprint alignment; original item.,1
cref_000752,question,q_aemt_000176,ref_000005,Public NREMT blueprint alignment; original item.,1
cref_000753,question,q_aemt_000177,ref_000005,Public NREMT blueprint alignment; original item.,1
cref_000754,question,q_aemt_000178,ref_000005,Public NREMT blueprint alignment; original item.,1
cref_000755,question,q_aemt_000179,ref_000005,Public NREMT blueprint alignment; original item.,1
cref_000756,question,q_aemt_000180,ref_000005,Public NREMT blueprint alignment; original item.,1
cref_000757,question,q_aemt_000181,ref_000005,Public NREMT blueprint alignment; original item.,1
cref_000758,question,q_aemt_000182,ref_000005,Public NREMT blueprint alignment; original item.,1
cref_000759,question,q_aemt_000183,ref_000005,Public NREMT blueprint alignment; original item.,1
cref_000760,question,q_aemt_000184,ref_000005,Public NREMT blueprint alignment; original item.,1
cref_000761,question,q_aemt_000185,ref_000005,Public NREMT blueprint alignment; original item.,1
cref_000762,question,q_aemt_000186,ref_000005,Public NREMT blueprint alignment; original item.,1
cref_000763,question,q_aemt_000187,ref_000005,Public NREMT blueprint alignment; original item.,1
cref_000764,question,q_aemt_000188,ref_000005,Public NREMT blueprint alignment; original item.,1
cref_000765,question,q_aemt_000189,ref_000005,Public NREMT blueprint alignment; original item.,1
cref_000766,question,q_aemt_000190,ref_000005,Public NREMT blueprint alignment; original item.,1
cref_000767,question,q_aemt_000191,ref_000005,Public NREMT blueprint alignment; original item.,1
cref_000768,question,q_aemt_000192,ref_000005,Public NREMT blueprint alignment; original item.,1
cref_000769,question,q_aemt_000193,ref_000005,Public NREMT blueprint alignment; original item.,1
cref_000770,question,q_aemt_000194,ref_000005,Public NREMT blueprint alignment; original item.,1
cref_000771,question,q_aemt_000195,ref_000005,Public NREMT blueprint alignment; original item.,1
cref_000772,question,q_aemt_000196,ref_000005,Public NREMT blueprint alignment; original item.,1
cref_000773,question,q_aemt_000197,ref_000005,Public NREMT blueprint alignment; original item.,1
cref_000774,question,q_aemt_000198,ref_000005,Public NREMT blueprint alignment; original item.,1
cref_000775,question,q_aemt_000199,ref_000005,Public NREMT blueprint alignment; original item.,1
cref_000776,question,q_aemt_000200,ref_000005,Public NREMT blueprint alignment; original item.,1
cref_000777,question,q_aemt_000201,ref_000005,Public NREMT blueprint alignment; original item.,1
cref_000778,question,q_aemt_000202,ref_000005,Public NREMT blueprint alignment; original item.,1
cref_000779,question,q_aemt_000203,ref_000005,Public NREMT blueprint alignment; original item.,1
cref_000780,question,q_aemt_000204,ref_000005,Public NREMT blueprint alignment; original item.,1
cref_000781,question,q_aemt_000205,ref_000005,Public NREMT blueprint alignment; original item.,1
cref_000782,question,q_aemt_000206,ref_000005,Public NREMT blueprint alignment; original item.,1
cref_000783,question,q_aemt_000207,ref_000005,Public NREMT blueprint alignment; original item.,1
cref_000784,question,q_aemt_000208,ref_000005,Public NREMT blueprint alignment; original item.,1
cref_000785,question,q_aemt_000209,ref_000005,Public NREMT blueprint alignment; original item.,1
cref_000786,question,q_aemt_000210,ref_000005,Public NREMT blueprint alignment; original item.,1
cref_000787,question,q_aemt_000211,ref_000005,Public NREMT blueprint alignment; original item.,1
cref_000788,question,q_aemt_000212,ref_000005,Public NREMT blueprint alignment; original item.,1
cref_000789,question,q_aemt_000213,ref_000005,Public NREMT blueprint alignment; original item.,1
cref_000790,question,q_aemt_000214,ref_000005,Public NREMT blueprint alignment; original item.,1
cref_000791,question,q_aemt_000215,ref_000005,Public NREMT blueprint alignment; original item.,1
cref_000792,question,q_aemt_000216,ref_000005,Public NREMT blueprint alignment; original item.,1
cref_000793,question,q_aemt_000217,ref_000005,Public NREMT blueprint alignment; original item.,1
cref_000794,question,q_aemt_000218,ref_000005,Public NREMT blueprint alignment; original item.,1
cref_000795,question,q_aemt_000219,ref_000005,Public NREMT blueprint alignment; original item.,1
cref_000796,question,q_aemt_000220,ref_000005,Public NREMT blueprint alignment; original item.,1
cref_000797,question,q_aemt_000221,ref_000005,Public NREMT blueprint alignment; original item.,1
cref_000798,question,q_aemt_000222,ref_000005,Public NREMT blueprint alignment; original item.,1
cref_000799,question,q_aemt_000223,ref_000005,Public NREMT blueprint alignment; original item.,1
cref_000800,question,q_aemt_000224,ref_000005,Public NREMT blueprint alignment; original item.,1
cref_000801,question,q_aemt_000225,ref_000005,Public NREMT blueprint alignment; original item.,1
cref_000802,question,q_aemt_000226,ref_000005,Public NREMT blueprint alignment; original item.,1
cref_000803,question,q_aemt_000227,ref_000005,Public NREMT blueprint alignment; original item.,1
cref_000804,question,q_aemt_000228,ref_000005,Public NREMT blueprint alignment; original item.,1
cref_000805,question,q_aemt_000229,ref_000005,Public NREMT blueprint alignment; original item.,1
cref_000806,question,q_aemt_000230,ref_000005,Public NREMT blueprint alignment; original item.,1
cref_000807,question,q_aemt_000231,ref_000005,Public NREMT blueprint alignment; original item.,1
cref_000808,question,q_aemt_000232,ref_000005,Public NREMT blueprint alignment; original item.,1
cref_000809,question,q_aemt_000233,ref_000005,Public NREMT blueprint alignment; original item.,1
cref_000810,question,q_aemt_000234,ref_000005,Public NREMT blueprint alignment; original item.,1
cref_000811,question,q_aemt_000235,ref_000005,Public NREMT blueprint alignment; original item.,1
cref_000812,question,q_aemt_000236,ref_000005,Public NREMT blueprint alignment; original item.,1
cref_000813,question,q_aemt_000237,ref_000005,Public NREMT blueprint alignment; original item.,1
cref_000814,question,q_aemt_000238,ref_000005,Public NREMT blueprint alignment; original item.,1
cref_000815,question,q_aemt_000239,ref_000005,Public NREMT blueprint alignment; original item.,1
cref_000816,question,q_aemt_000240,ref_000005,Public NREMT blueprint alignment; original item.,1
cref_000817,question,q_aemt_000241,ref_000005,Public NREMT blueprint alignment; original item.,1
cref_000818,question,q_aemt_000242,ref_000005,Public NREMT blueprint alignment; original item.,1
cref_000819,question,q_aemt_000243,ref_000005,Public NREMT blueprint alignment; original item.,1
cref_000820,question,q_aemt_000244,ref_000005,Public NREMT blueprint alignment; original item.,1
cref_000821,question,q_aemt_000245,ref_000005,Public NREMT blueprint alignment; original item.,1
cref_000822,question,q_aemt_000246,ref_000005,Public NREMT blueprint alignment; original item.,1
cref_000823,question,q_aemt_000247,ref_000005,Public NREMT blueprint alignment; original item.,1
cref_000824,question,q_aemt_000248,ref_000005,Public NREMT blueprint alignment; original item.,1
cref_000825,question,q_aemt_000249,ref_000005,Public NREMT blueprint alignment; original item.,1
cref_000826,question,q_aemt_000250,ref_000005,Public NREMT blueprint alignment; original item.,1
cref_000827,question,q_aemt_000251,ref_000005,Public NREMT blueprint alignment; original item.,1
cref_000828,question,q_aemt_000252,ref_000005,Public NREMT blueprint alignment; original item.,1
cref_000829,question,q_aemt_000253,ref_000005,Public NREMT blueprint alignment; original item.,1
cref_000830,question,q_aemt_000254,ref_000005,Public NREMT blueprint alignment; original item.,1
cref_000831,question,q_aemt_000255,ref_000005,Public NREMT blueprint alignment; original item.,1
cref_000832,question,q_aemt_000256,ref_000005,Public NREMT blueprint alignment; original item.,1
cref_000833,question,q_aemt_000257,ref_000005,Public NREMT blueprint alignment; original item.,1
cref_000834,question,q_aemt_000258,ref_000005,Public NREMT blueprint alignment; original item.,1
cref_000835,question,q_aemt_000259,ref_000005,Public NREMT blueprint alignment; original item.,1
cref_000836,question,q_aemt_000260,ref_000005,Public NREMT blueprint alignment; original item.,1
cref_000837,question,q_aemt_000261,ref_000005,Public NREMT blueprint alignment; original item.,1
cref_000838,question,q_aemt_000262,ref_000005,Public NREMT blueprint alignment; original item.,1
cref_000839,question,q_aemt_000263,ref_000005,Public NREMT blueprint alignment; original item.,1
cref_000840,question,q_aemt_000264,ref_000005,Public NREMT blueprint alignment; original item.,1
cref_000841,question,q_aemt_000265,ref_000005,Public NREMT blueprint alignment; original item.,1
cref_000842,question,q_aemt_000266,ref_000005,Public NREMT blueprint alignment; original item.,1
cref_000843,question,q_aemt_000267,ref_000005,Public NREMT blueprint alignment; original item.,1
cref_000844,question,q_aemt_000268,ref_000005,Public NREMT blueprint alignment; original item.,1
cref_000845,question,q_aemt_000269,ref_000005,Public NREMT blueprint alignment; original item.,1
cref_000846,question,q_aemt_000270,ref_000005,Public NREMT blueprint alignment; original item.,1
cref_000847,question,q_aemt_000271,ref_000005,Public NREMT blueprint alignment; original item.,1
cref_000848,question,q_aemt_000272,ref_000005,Public NREMT blueprint alignment; original item.,1
cref_000849,question,q_aemt_000273,ref_000005,Public NREMT blueprint alignment; original item.,1
cref_000850,question,q_aemt_000274,ref_000005,Public NREMT blueprint alignment; original item.,1
cref_000851,question,q_aemt_000275,ref_000005,Public NREMT blueprint alignment; original item.,1
cref_000852,question,q_aemt_000276,ref_000005,Public NREMT blueprint alignment; original item.,1
cref_000853,question,q_aemt_000277,ref_000005,Public NREMT blueprint alignment; original item.,1
cref_000854,question,q_aemt_000278,ref_000005,Public NREMT blueprint alignment; original item.,1
cref_000855,question,q_aemt_000279,ref_000005,Public NREMT blueprint alignment; original item.,1
cref_000856,question,q_aemt_000280,ref_000005,Public NREMT blueprint alignment; original item.,1
cref_000857,question,q_aemt_000281,ref_000005,Public NREMT blueprint alignment; original item.,1
cref_000858,question,q_aemt_000282,ref_000005,Public NREMT blueprint alignment; original item.,1
cref_000859,question,q_aemt_000283,ref_000005,Public NREMT blueprint alignment; original item.,1
cref_000860,question,q_aemt_000284,ref_000005,Public NREMT blueprint alignment; original item.,1
cref_000861,question,q_aemt_000285,ref_000005,Public NREMT blueprint alignment; original item.,1
cref_000862,question,q_aemt_000286,ref_000005,Public NREMT blueprint alignment; original item.,1
cref_000863,question,q_aemt_000287,ref_000005,Public NREMT blueprint alignment; original item.,1
cref_000864,question,q_aemt_000288,ref_000005,Public NREMT blueprint alignment; original item.,1
cref_000865,question,q_aemt_000289,ref_000005,Public NREMT blueprint alignment; original item.,1
cref_000866,question,q_aemt_000290,ref_000005,Public NREMT blueprint alignment; original item.,1
cref_000867,question,q_paramedic_000291,ref_000006,Public NREMT blueprint alignment; original item.,1
cref_000868,question,q_paramedic_000292,ref_000006,Public NREMT blueprint alignment; original item.,1
cref_000869,question,q_paramedic_000293,ref_000006,Public NREMT blueprint alignment; original item.,1
cref_000870,question,q_paramedic_000294,ref_000006,Public NREMT blueprint alignment; original item.,1
cref_000871,question,q_paramedic_000295,ref_000006,Public NREMT blueprint alignment; original item.,1
cref_000872,question,q_paramedic_000296,ref_000006,Public NREMT blueprint alignment; original item.,1
cref_000873,question,q_paramedic_000297,ref_000006,Public NREMT blueprint alignment; original item.,1
cref_000874,question,q_paramedic_000298,ref_000006,Public NREMT blueprint alignment; original item.,1
cref_000875,question,q_paramedic_000299,ref_000006,Public NREMT blueprint alignment; original item.,1
cref_000876,question,q_paramedic_000300,ref_000006,Public NREMT blueprint alignment; original item.,1
cref_000877,question,q_paramedic_000301,ref_000006,Public NREMT blueprint alignment; original item.,1
cref_000878,question,q_paramedic_000302,ref_000006,Public NREMT blueprint alignment; original item.,1
cref_000879,question,q_paramedic_000303,ref_000006,Public NREMT blueprint alignment; original item.,1
cref_000880,question,q_paramedic_000304,ref_000006,Public NREMT blueprint alignment; original item.,1
cref_000881,question,q_paramedic_000305,ref_000006,Public NREMT blueprint alignment; original item.,1
cref_000882,question,q_paramedic_000306,ref_000006,Public NREMT blueprint alignment; original item.,1
cref_000883,question,q_paramedic_000307,ref_000006,Public NREMT blueprint alignment; original item.,1
cref_000884,question,q_paramedic_000308,ref_000006,Public NREMT blueprint alignment; original item.,1
cref_000885,question,q_paramedic_000309,ref_000006,Public NREMT blueprint alignment; original item.,1
cref_000886,question,q_paramedic_000310,ref_000006,Public NREMT blueprint alignment; original item.,1
cref_000887,question,q_paramedic_000311,ref_000006,Public NREMT blueprint alignment; original item.,1
cref_000888,question,q_paramedic_000312,ref_000006,Public NREMT blueprint alignment; original item.,1
cref_000889,question,q_paramedic_000313,ref_000006,Public NREMT blueprint alignment; original item.,1
cref_000890,question,q_paramedic_000314,ref_000006,Public NREMT blueprint alignment; original item.,1
cref_000891,question,q_paramedic_000315,ref_000006,Public NREMT blueprint alignment; original item.,1
cref_000892,question,q_paramedic_000316,ref_000006,Public NREMT blueprint alignment; original item.,1
cref_000893,question,q_paramedic_000317,ref_000006,Public NREMT blueprint alignment; original item.,1
cref_000894,question,q_paramedic_000318,ref_000006,Public NREMT blueprint alignment; original item.,1
cref_000895,question,q_paramedic_000319,ref_000006,Public NREMT blueprint alignment; original item.,1
cref_000896,question,q_paramedic_000320,ref_000006,Public NREMT blueprint alignment; original item.,1
cref_000897,question,q_paramedic_000321,ref_000006,Public NREMT blueprint alignment; original item.,1
cref_000898,question,q_paramedic_000322,ref_000006,Public NREMT blueprint alignment; original item.,1
cref_000899,question,q_paramedic_000323,ref_000006,Public NREMT blueprint alignment; original item.,1
cref_000900,question,q_paramedic_000324,ref_000006,Public NREMT blueprint alignment; original item.,1
cref_000901,question,q_paramedic_000325,ref_000006,Public NREMT blueprint alignment; original item.,1
cref_000902,question,q_paramedic_000326,ref_000006,Public NREMT blueprint alignment; original item.,1
cref_000903,question,q_paramedic_000327,ref_000006,Public NREMT blueprint alignment; original item.,1
cref_000904,question,q_paramedic_000328,ref_000006,Public NREMT blueprint alignment; original item.,1
cref_000905,question,q_paramedic_000329,ref_000006,Public NREMT blueprint alignment; original item.,1
cref_000906,question,q_paramedic_000330,ref_000006,Public NREMT blueprint alignment; original item.,1
cref_000907,question,q_paramedic_000331,ref_000006,Public NREMT blueprint alignment; original item.,1
cref_000908,question,q_paramedic_000332,ref_000006,Public NREMT blueprint alignment; original item.,1
cref_000909,question,q_paramedic_000333,ref_000006,Public NREMT blueprint alignment; original item.,1
cref_000910,question,q_paramedic_000334,ref_000006,Public NREMT blueprint alignment; original item.,1
cref_000911,question,q_paramedic_000335,ref_000006,Public NREMT blueprint alignment; original item.,1
cref_000912,question,q_paramedic_000336,ref_000006,Public NREMT blueprint alignment; original item.,1
cref_000913,question,q_paramedic_000337,ref_000006,Public NREMT blueprint alignment; original item.,1
cref_000914,question,q_paramedic_000338,ref_000006,Public NREMT blueprint alignment; original item.,1
cref_000915,question,q_paramedic_000339,ref_000006,Public NREMT blueprint alignment; original item.,1
cref_000916,question,q_paramedic_000340,ref_000006,Public NREMT blueprint alignment; original item.,1
cref_000917,question,q_paramedic_000341,ref_000006,Public NREMT blueprint alignment; original item.,1
cref_000918,question,q_paramedic_000342,ref_000006,Public NREMT blueprint alignment; original item.,1
cref_000919,question,q_paramedic_000343,ref_000006,Public NREMT blueprint alignment; original item.,1
cref_000920,question,q_paramedic_000344,ref_000006,Public NREMT blueprint alignment; original item.,1
cref_000921,question,q_paramedic_000345,ref_000006,Public NREMT blueprint alignment; original item.,1
cref_000922,question,q_paramedic_000346,ref_000006,Public NREMT blueprint alignment; original item.,1
cref_000923,question,q_paramedic_000347,ref_000006,Public NREMT blueprint alignment; original item.,1
cref_000924,question,q_paramedic_000348,ref_000006,Public NREMT blueprint alignment; original item.,1
cref_000925,question,q_paramedic_000349,ref_000006,Public NREMT blueprint alignment; original item.,1
cref_000926,question,q_paramedic_000350,ref_000006,Public NREMT blueprint alignment; original item.,1
cref_000927,question,q_paramedic_000351,ref_000006,Public NREMT blueprint alignment; original item.,1
cref_000928,question,q_paramedic_000352,ref_000006,Public NREMT blueprint alignment; original item.,1
cref_000929,question,q_paramedic_000353,ref_000006,Public NREMT blueprint alignment; original item.,1
cref_000930,question,q_paramedic_000354,ref_000006,Public NREMT blueprint alignment; original item.,1
cref_000931,question,q_paramedic_000355,ref_000006,Public NREMT blueprint alignment; original item.,1
cref_000932,question,q_paramedic_000356,ref_000006,Public NREMT blueprint alignment; original item.,1
cref_000933,question,q_paramedic_000357,ref_000006,Public NREMT blueprint alignment; original item.,1
cref_000934,question,q_paramedic_000358,ref_000006,Public NREMT blueprint alignment; original item.,1
cref_000935,question,q_paramedic_000359,ref_000006,Public NREMT blueprint alignment; original item.,1
cref_000936,question,q_paramedic_000360,ref_000006,Public NREMT blueprint alignment; original item.,1
cref_000937,question,q_paramedic_000361,ref_000006,Public NREMT blueprint alignment; original item.,1
cref_000938,question,q_paramedic_000362,ref_000006,Public NREMT blueprint alignment; original item.,1
cref_000939,question,q_paramedic_000363,ref_000006,Public NREMT blueprint alignment; original item.,1
cref_000940,question,q_paramedic_000364,ref_000006,Public NREMT blueprint alignment; original item.,1
cref_000941,question,q_paramedic_000365,ref_000006,Public NREMT blueprint alignment; original item.,1
cref_000942,question,q_paramedic_000366,ref_000006,Public NREMT blueprint alignment; original item.,1
cref_000943,question,q_paramedic_000367,ref_000006,Public NREMT blueprint alignment; original item.,1
cref_000944,question,q_paramedic_000368,ref_000006,Public NREMT blueprint alignment; original item.,1
cref_000945,question,q_paramedic_000369,ref_000006,Public NREMT blueprint alignment; original item.,1
cref_000946,question,q_paramedic_000370,ref_000006,Public NREMT blueprint alignment; original item.,1
cref_000947,question,q_paramedic_000371,ref_000006,Public NREMT blueprint alignment; original item.,1
cref_000948,question,q_paramedic_000372,ref_000006,Public NREMT blueprint alignment; original item.,1
cref_000949,question,q_paramedic_000373,ref_000006,Public NREMT blueprint alignment; original item.,1
cref_000950,question,q_paramedic_000374,ref_000006,Public NREMT blueprint alignment; original item.,1
cref_000951,question,q_paramedic_000375,ref_000006,Public NREMT blueprint alignment; original item.,1
cref_000952,question,q_paramedic_000376,ref_000006,Public NREMT blueprint alignment; original item.,1
cref_000953,question,q_paramedic_000377,ref_000006,Public NREMT blueprint alignment; original item.,1
cref_000954,question,q_paramedic_000378,ref_000006,Public NREMT blueprint alignment; original item.,1
cref_000955,question,q_paramedic_000379,ref_000006,Public NREMT blueprint alignment; original item.,1
cref_000956,question,q_paramedic_000380,ref_000006,Public NREMT blueprint alignment; original item.,1
cref_000957,question,q_paramedic_000381,ref_000006,Public NREMT blueprint alignment; original item.,1
cref_000958,question,q_paramedic_000382,ref_000006,Public NREMT blueprint alignment; original item.,1
cref_000959,question,q_paramedic_000383,ref_000006,Public NREMT blueprint alignment; original item.,1
cref_000960,question,q_paramedic_000384,ref_000006,Public NREMT blueprint alignment; original item.,1
cref_000961,question,q_paramedic_000385,ref_000006,Public NREMT blueprint alignment; original item.,1
cref_000962,question,q_paramedic_000386,ref_000006,Public NREMT blueprint alignment; original item.,1
cref_000963,question,q_paramedic_000387,ref_000006,Public NREMT blueprint alignment; original item.,1
cref_000964,question,q_paramedic_000388,ref_000006,Public NREMT blueprint alignment; original item.,1
cref_000965,question,q_paramedic_000389,ref_000006,Public NREMT blueprint alignment; original item.,1
cref_000966,question,q_paramedic_000390,ref_000006,Public NREMT blueprint alignment; original item.,1
cref_000967,question,q_paramedic_000391,ref_000006,Public NREMT blueprint alignment; original item.,1
cref_000968,question,q_paramedic_000392,ref_000006,Public NREMT blueprint alignment; original item.,1
cref_000969,question,q_paramedic_000393,ref_000006,Public NREMT blueprint alignment; original item.,1
cref_000970,question,q_paramedic_000394,ref_000006,Public NREMT blueprint alignment; original item.,1
cref_000971,question,q_paramedic_000395,ref_000006,Public NREMT blueprint alignment; original item.,1
cref_000972,question,q_paramedic_000396,ref_000006,Public NREMT blueprint alignment; original item.,1
cref_000973,question,q_paramedic_000397,ref_000006,Public NREMT blueprint alignment; original item.,1
cref_000974,question,q_paramedic_000398,ref_000006,Public NREMT blueprint alignment; original item.,1
cref_000975,question,q_paramedic_000399,ref_000006,Public NREMT blueprint alignment; original item.,1
cref_000976,question,q_paramedic_000400,ref_000006,Public NREMT blueprint alignment; original item.,1
cref_000977,question,q_paramedic_000401,ref_000006,Public NREMT blueprint alignment; original item.,1
cref_000978,question,q_paramedic_000402,ref_000006,Public NREMT blueprint alignment; original item.,1
cref_000979,question,q_paramedic_000403,ref_000006,Public NREMT blueprint alignment; original item.,1
cref_000980,question,q_paramedic_000404,ref_000006,Public NREMT blueprint alignment; original item.,1
cref_000981,question,q_paramedic_000405,ref_000006,Public NREMT blueprint alignment; original item.,1
cref_000982,question,q_paramedic_000406,ref_000006,Public NREMT blueprint alignment; original item.,1
cref_000983,question,q_paramedic_000407,ref_000006,Public NREMT blueprint alignment; original item.,1
cref_000984,question,q_paramedic_000408,ref_000006,Public NREMT blueprint alignment; original item.,1
cref_000985,question,q_paramedic_000409,ref_000006,Public NREMT blueprint alignment; original item.,1
cref_000986,question,q_paramedic_000410,ref_000006,Public NREMT blueprint alignment; original item.,1
cref_000987,question,q_paramedic_000411,ref_000006,Public NREMT blueprint alignment; original item.,1
cref_000988,question,q_paramedic_000412,ref_000006,Public NREMT blueprint alignment; original item.,1
cref_000989,question,q_paramedic_000413,ref_000006,Public NREMT blueprint alignment; original item.,1
cref_000990,question,q_paramedic_000414,ref_000006,Public NREMT blueprint alignment; original item.,1
cref_000991,question,q_paramedic_000415,ref_000006,Public NREMT blueprint alignment; original item.,1
cref_000992,question,q_paramedic_000416,ref_000006,Public NREMT blueprint alignment; original item.,1
cref_000993,question,q_paramedic_000417,ref_000006,Public NREMT blueprint alignment; original item.,1
cref_000994,question,q_paramedic_000418,ref_000006,Public NREMT blueprint alignment; original item.,1
cref_000995,question,q_paramedic_000419,ref_000006,Public NREMT blueprint alignment; original item.,1
cref_000996,question,q_paramedic_000420,ref_000006,Public NREMT blueprint alignment; original item.,1
cref_000997,question,q_paramedic_000421,ref_000006,Public NREMT blueprint alignment; original item.,1
cref_000998,question,q_paramedic_000422,ref_000006,Public NREMT blueprint alignment; original item.,1
cref_000999,question,q_paramedic_000423,ref_000006,Public NREMT blueprint alignment; original item.,1
cref_001000,question,q_paramedic_000424,ref_000006,Public NREMT blueprint alignment; original item.,1
