link_id,from_type,from_id,to_type,to_id,relation_type,sort_order
lnk_000001,lesson,les_emt_000001,module,mod_emt_000012,belongs_to,1
lnk_000002,lesson,les_emt_000002,module,mod_emt_000012,belongs_to,1
lnk_000003,lesson,les_emt_000003,module,mod_emt_000012,belongs_to,1
lnk_000004,lesson,les_emt_000004,module,mod_emt_000012,belongs_to,1
lnk_000005,lesson,les_emt_000005,module,mod_emt_000012,belongs_to,1
lnk_000006,lesson,les_emt_000006,module,mod_emt_000012,belongs_to,1
lnk_000007,lesson,les_emt_000007,module,mod_emt_000012,belongs_to,1
lnk_000008,lesson,les_emt_000008,module,mod_emt_000012,belongs_to,1
lnk_000009,lesson,les_emt_000009,module,mod_emt_000012,belongs_to,1
lnk_000010,lesson,les_emt_000010,module,mod_emt_000012,belongs_to,1
lnk_000011,lesson,les_emt_000011,module,mod_emt_000012,belongs_to,1
lnk_000012,lesson,les_emt_000012,module,mod_emt_000012,belongs_to,1
lnk_000013,lesson,les_emt_000013,module,mod_emt_000012,belongs_to,1
lnk_000014,lesson,les_emt_000014,module,mod_emt_000012,belongs_to,1
lnk_000015,lesson,les_emt_000015,module,mod_emt_000012,belongs_to,1
lnk_000016,lesson,les_emt_000016,module,mod_emt_000012,belongs_to,1
lnk_000017,lesson,les_emt_000017,module,mod_emt_000012,belongs_to,1
lnk_000018,lesson,les_emt_000018,module,mod_emt_000012,belongs_to,1
lnk_000019,lesson,les_emt_000019,module,mod_emt_000012,belongs_to,1
lnk_000020,lesson,les_emt_000020,module,mod_emt_000012,belongs_to,1
lnk_000021,lesson,les_emt_000021,module,mod_emt_000012,belongs_to,1
lnk_000022,lesson,les_emt_000022,module,mod_emt_000012,belongs_to,1
lnk_000023,lesson,les_emt_000023,module,mod_emt_000012,belongs_to,1
lnk_000024,lesson,les_emt_000024,module,mod_emt_000012,belongs_to,1
lnk_000025,lesson,les_emt_000025,module,mod_emt_000012,belongs_to,1
lnk_000026,lesson,les_emt_000026,module,mod_emt_000012,belongs_to,1
lnk_000027,lesson,les_emt_000027,module,mod_emt_000012,belongs_to,1
lnk_000028,lesson,les_emt_000028,module,mod_emt_000012,belongs_to,1
lnk_000029,lesson,les_emt_000029,module,mod_emt_000012,belongs_to,1
lnk_000030,lesson,les_emt_000030,module,mod_emt_000012,belongs_to,1
lnk_000031,lesson,les_emt_000031,module,mod_emt_000012,belongs_to,1
lnk_000032,lesson,les_emt_000032,module,mod_emt_000012,belongs_to,1
lnk_000033,lesson,les_emt_000033,module,mod_emt_000012,belongs_to,1
lnk_000034,lesson,les_emt_000034,module,mod_emt_000012,belongs_to,1
lnk_000035,lesson,les_emt_000035,module,mod_emt_000012,belongs_to,1
lnk_000036,lesson,les_emt_000036,module,mod_emt_000012,belongs_to,1
lnk_000037,lesson,les_emt_000037,module,mod_emt_000012,belongs_to,1
lnk_000038,lesson,les_emt_000038,module,mod_emt_000012,belongs_to,1
lnk_000039,lesson,les_emt_000039,module,mod_emt_000012,belongs_to,1
lnk_000040,lesson,les_emt_000040,module,mod_emt_000012,belongs_to,1
lnk_000041,lesson,les_emt_000041,module,mod_emt_000012,belongs_to,1
lnk_000042,lesson,les_emt_000042,module,mod_emt_000012,belongs_to,1
lnk_000043,lesson,les_emt_000043,module,mod_emt_000012,belongs_to,1
lnk_000044,lesson,les_emt_000044,module,mod_emt_000012,belongs_to,1
lnk_000045,lesson,les_emt_000045,module,mod_emt_000012,belongs_to,1
lnk_000046,lesson,les_emt_000046,module,mod_emt_000012,belongs_to,1
lnk_000047,lesson,les_emt_000047,module,mod_emt_000012,belongs_to,1
lnk_000048,lesson,les_emt_000048,module,mod_emt_000012,belongs_to,1
lnk_000049,lesson,les_emt_000049,module,mod_emt_000012,belongs_to,1
lnk_000050,lesson,les_emt_000050,module,mod_emt_000012,belongs_to,1
lnk_000051,lesson,les_emt_000051,module,mod_emt_000012,belongs_to,1
lnk_000052,lesson,les_emt_000052,module,mod_emt_000012,belongs_to,1
lnk_000053,lesson,les_emt_000053,module,mod_emt_000012,belongs_to,1
lnk_000054,lesson,les_emt_000054,module,mod_emt_000012,belongs_to,1
lnk_000055,lesson,les_emt_000055,module,mod_emt_000012,belongs_to,1
lnk_000056,lesson,les_emt_000056,module,mod_emt_000012,belongs_to,1
lnk_000057,lesson,les_emt_000057,module,mod_emt_000012,belongs_to,1
lnk_000058,lesson,les_emt_000058,module,mod_emt_000012,belongs_to,1
lnk_000059,lesson,les_emt_000059,module,mod_emt_000012,belongs_to,1
lnk_000060,lesson,les_emt_000060,module,mod_emt_000012,belongs_to,1
lnk_000061,lesson,les_emt_000061,module,mod_emt_000012,belongs_to,1
lnk_000062,lesson,les_emt_000062,module,mod_emt_000012,belongs_to,1
lnk_000063,lesson,les_emt_000063,module,mod_emt_000012,belongs_to,1
lnk_000064,lesson,les_emt_000064,module,mod_emt_000012,belongs_to,1
lnk_000065,lesson,les_emt_000065,module,mod_emt_000012,belongs_to,1
lnk_000066,lesson,les_emt_000066,module,mod_emt_000012,belongs_to,1
lnk_000067,lesson,les_emt_000067,module,mod_emt_000012,belongs_to,1
lnk_000068,lesson,les_emt_000068,module,mod_emt_000012,belongs_to,1
lnk_000069,lesson,les_emt_000069,module,mod_emt_000012,belongs_to,1
lnk_000070,lesson,les_emt_000070,module,mod_emt_000012,belongs_to,1
lnk_000071,lesson,les_emt_000071,module,mod_emt_000012,belongs_to,1
lnk_000072,lesson,les_emt_000072,module,mod_emt_000012,belongs_to,1
lnk_000073,lesson,les_emt_000073,module,mod_emt_000012,belongs_to,1
lnk_000074,lesson,les_emt_000074,module,mod_emt_000012,belongs_to,1
lnk_000075,lesson,les_emt_000075,module,mod_emt_000012,belongs_to,1
lnk_000076,lesson,les_emt_000076,module,mod_emt_000012,belongs_to,1
lnk_000077,lesson,les_emt_000077,module,mod_emt_000012,belongs_to,1
lnk_000078,lesson,les_emt_000078,module,mod_emt_000012,belongs_to,1
lnk_000079,lesson,les_emt_000079,module,mod_emt_000012,belongs_to,1
lnk_000080,lesson,les_emt_000080,module,mod_emt_000012,belongs_to,1
lnk_000081,lesson,les_emt_000081,module,mod_emt_000012,belongs_to,1
lnk_000082,lesson,les_emt_000082,module,mod_emt_000012,belongs_to,1
lnk_000083,lesson,les_emt_000083,module,mod_emt_000012,belongs_to,1
lnk_000084,lesson,les_emt_000084,module,mod_emt_000012,belongs_to,1
lnk_000085,lesson,les_emt_000085,module,mod_emt_000012,belongs_to,1
lnk_000086,lesson,les_emt_000086,module,mod_emt_000012,belongs_to,1
lnk_000087,lesson,les_emt_000087,module,mod_emt_000012,belongs_to,1
lnk_000088,lesson,les_emt_000088,module,mod_emt_000012,belongs_to,1
lnk_000089,lesson,les_emt_000089,module,mod_emt_000012,belongs_to,1
lnk_000090,lesson,les_emt_000090,module,mod_emt_000012,belongs_to,1
lnk_000091,lesson,les_emt_000091,module,mod_emt_000012,belongs_to,1
lnk_000092,lesson,les_emt_000092,module,mod_emt_000012,belongs_to,1
lnk_000093,lesson,les_emt_000093,module,mod_emt_000012,belongs_to,1
lnk_000094,lesson,les_emt_000094,module,mod_emt_000012,belongs_to,1
lnk_000095,lesson,les_emt_000095,module,mod_emt_000012,belongs_to,1
lnk_000096,lesson,les_emt_000096,module,mod_emt_000012,belongs_to,1
lnk_000097,lesson,les_emt_000097,module,mod_emt_000012,belongs_to,1
lnk_000098,lesson,les_emt_000098,module,mod_emt_000012,belongs_to,1
lnk_000099,lesson,les_emt_000099,module,mod_emt_000012,belongs_to,1
lnk_000100,lesson,les_emt_000100,module,mod_emt_000012,belongs_to,1
lnk_000101,lesson,les_emt_000101,module,mod_emt_000012,belongs_to,1
lnk_000102,lesson,les_emt_000102,module,mod_emt_000012,belongs_to,1
lnk_000103,lesson,les_emt_000103,module,mod_emt_000012,belongs_to,1
lnk_000104,lesson,les_emt_000104,module,mod_emt_000012,belongs_to,1
lnk_000105,lesson,les_emt_000105,module,mod_emt_000012,belongs_to,1
lnk_000106,lesson,les_emt_000106,module,mod_emt_000012,belongs_to,1
lnk_000107,lesson,les_emt_000107,module,mod_emt_000012,belongs_to,1
lnk_000108,lesson,les_emt_000108,module,mod_emt_000012,belongs_to,1
lnk_000109,lesson,les_emt_000109,module,mod_emt_000012,belongs_to,1
lnk_000110,lesson,les_emt_000110,module,mod_emt_000012,belongs_to,1
lnk_000111,lesson,les_emt_000111,module,mod_emt_000012,belongs_to,1
lnk_000112,lesson,les_emt_000112,module,mod_emt_000012,belongs_to,1
lnk_000113,lesson,les_emt_000113,module,mod_emt_000012,belongs_to,1
lnk_000114,lesson,les_emt_000114,module,mod_emt_000012,belongs_to,1
lnk_000115,lesson,les_emt_000115,module,mod_emt_000012,belongs_to,1
lnk_000116,lesson,les_emt_000116,module,mod_emt_000012,belongs_to,1
lnk_000117,lesson,les_emt_000117,module,mod_emt_000012,belongs_to,1
lnk_000118,lesson,les_emt_000118,module,mod_emt_000012,belongs_to,1
lnk_000119,lesson,les_emt_000119,module,mod_emt_000012,belongs_to,1
lnk_000120,lesson,les_emt_000120,module,mod_emt_000012,belongs_to,1
lnk_000121,lesson,les_emt_000121,module,mod_emt_000012,belongs_to,1
lnk_000122,lesson,les_emt_000122,module,mod_emt_000012,belongs_to,1
lnk_000123,lesson,les_emt_000123,module,mod_emt_000012,belongs_to,1
lnk_000124,lesson,les_emt_000124,module,mod_emt_000012,belongs_to,1
lnk_000125,lesson,les_emt_000125,module,mod_emt_000012,belongs_to,1
lnk_000126,lesson,les_emt_000126,module,mod_emt_000012,belongs_to,1
lnk_000127,lesson,les_emt_000127,module,mod_emt_000012,belongs_to,1
lnk_000128,lesson,les_emt_000128,module,mod_emt_000012,belongs_to,1
lnk_000129,lesson,les_emt_000129,module,mod_emt_000012,belongs_to,1
lnk_000130,lesson,les_emt_000130,module,mod_emt_000012,belongs_to,1
lnk_000131,lesson,les_emt_000131,module,mod_emt_000012,belongs_to,1
lnk_000132,lesson,les_emt_000132,module,mod_emt_000012,belongs_to,1
lnk_000133,lesson,les_emt_000133,module,mod_emt_000012,belongs_to,1
lnk_000134,lesson,les_emt_000134,module,mod_emt_000012,belongs_to,1
lnk_000135,lesson,les_emt_000135,module,mod_emt_000012,belongs_to,1
lnk_000136,lesson,les_emt_000136,module,mod_emt_000012,belongs_to,1
lnk_000137,lesson,les_emt_000137,module,mod_emt_000012,belongs_to,1
lnk_000138,lesson,les_emt_000138,module,mod_emt_000012,belongs_to,1
lnk_000139,lesson,les_emt_000139,module,mod_emt_000012,belongs_to,1
lnk_000140,lesson,les_emt_000140,module,mod_emt_000012,belongs_to,1
lnk_000141,lesson,les_emt_000141,module,mod_emt_000012,belongs_to,1
lnk_000142,lesson,les_emt_000142,module,mod_emt_000012,belongs_to,1
lnk_000143,lesson,les_emt_000143,module,mod_emt_000012,belongs_to,1
lnk_000144,lesson,les_emt_000144,module,mod_emt_000012,belongs_to,1
lnk_000145,lesson,les_aemt_000145,module,mod_aemt_000018,belongs_to,1
lnk_000146,lesson,les_aemt_000146,module,mod_aemt_000018,belongs_to,1
lnk_000147,lesson,les_aemt_000147,module,mod_aemt_000018,belongs_to,1
lnk_000148,lesson,les_aemt_000148,module,mod_aemt_000018,belongs_to,1
lnk_000149,lesson,les_aemt_000149,module,mod_aemt_000018,belongs_to,1
lnk_000150,lesson,les_aemt_000150,module,mod_aemt_000018,belongs_to,1
lnk_000151,lesson,les_aemt_000151,module,mod_aemt_000018,belongs_to,1
lnk_000152,lesson,les_aemt_000152,module,mod_aemt_000018,belongs_to,1
lnk_000153,lesson,les_aemt_000153,module,mod_aemt_000018,belongs_to,1
lnk_000154,lesson,les_aemt_000154,module,mod_aemt_000018,belongs_to,1
lnk_000155,lesson,les_aemt_000155,module,mod_aemt_000018,belongs_to,1
lnk_000156,lesson,les_aemt_000156,module,mod_aemt_000018,belongs_to,1
lnk_000157,lesson,les_aemt_000157,module,mod_aemt_000018,belongs_to,1
lnk_000158,lesson,les_aemt_000158,module,mod_aemt_000018,belongs_to,1
lnk_000159,lesson,les_aemt_000159,module,mod_aemt_000018,belongs_to,1
lnk_000160,lesson,les_aemt_000160,module,mod_aemt_000018,belongs_to,1
lnk_000161,lesson,les_aemt_000161,module,mod_aemt_000018,belongs_to,1
lnk_000162,lesson,les_aemt_000162,module,mod_aemt_000018,belongs_to,1
lnk_000163,lesson,les_aemt_000163,module,mod_aemt_000018,belongs_to,1
lnk_000164,lesson,les_aemt_000164,module,mod_aemt_000018,belongs_to,1
lnk_000165,lesson,les_aemt_000165,module,mod_aemt_000018,belongs_to,1
lnk_000166,lesson,les_aemt_000166,module,mod_aemt_000018,belongs_to,1
lnk_000167,lesson,les_aemt_000167,module,mod_aemt_000018,belongs_to,1
lnk_000168,lesson,les_aemt_000168,module,mod_aemt_000018,belongs_to,1
lnk_000169,lesson,les_aemt_000169,module,mod_aemt_000018,belongs_to,1
lnk_000170,lesson,les_aemt_000170,module,mod_aemt_000018,belongs_to,1
lnk_000171,lesson,les_aemt_000171,module,mod_aemt_000018,belongs_to,1
lnk_000172,lesson,les_aemt_000172,module,mod_aemt_000018,belongs_to,1
lnk_000173,lesson,les_aemt_000173,module,mod_aemt_000018,belongs_to,1
lnk_000174,lesson,les_aemt_000174,module,mod_aemt_000018,belongs_to,1
lnk_000175,lesson,les_aemt_000175,module,mod_aemt_000018,belongs_to,1
lnk_000176,lesson,les_aemt_000176,module,mod_aemt_000018,belongs_to,1
lnk_000177,lesson,les_aemt_000177,module,mod_aemt_000018,belongs_to,1
lnk_000178,lesson,les_aemt_000178,module,mod_aemt_000018,belongs_to,1
lnk_000179,lesson,les_aemt_000179,module,mod_aemt_000018,belongs_to,1
lnk_000180,lesson,les_aemt_000180,module,mod_aemt_000018,belongs_to,1
lnk_000181,lesson,les_aemt_000181,module,mod_aemt_000018,belongs_to,1
lnk_000182,lesson,les_aemt_000182,module,mod_aemt_000018,belongs_to,1
lnk_000183,lesson,les_aemt_000183,module,mod_aemt_000018,belongs_to,1
lnk_000184,lesson,les_aemt_000184,module,mod_aemt_000018,belongs_to,1
lnk_000185,lesson,les_aemt_000185,module,mod_aemt_000018,belongs_to,1
lnk_000186,lesson,les_aemt_000186,module,mod_aemt_000018,belongs_to,1
lnk_000187,lesson,les_aemt_000187,module,mod_aemt_000018,belongs_to,1
lnk_000188,lesson,les_aemt_000188,module,mod_aemt_000018,belongs_to,1
lnk_000189,lesson,les_aemt_000189,module,mod_aemt_000018,belongs_to,1
lnk_000190,lesson,les_aemt_000190,module,mod_aemt_000018,belongs_to,1
lnk_000191,lesson,les_aemt_000191,module,mod_aemt_000018,belongs_to,1
lnk_000192,lesson,les_aemt_000192,module,mod_aemt_000018,belongs_to,1
lnk_000193,lesson,les_aemt_000193,module,mod_aemt_000018,belongs_to,1
lnk_000194,lesson,les_aemt_000194,module,mod_aemt_000018,belongs_to,1
lnk_000195,lesson,les_aemt_000195,module,mod_aemt_000018,belongs_to,1
lnk_000196,lesson,les_aemt_000196,module,mod_aemt_000018,belongs_to,1
lnk_000197,lesson,les_aemt_000197,module,mod_aemt_000018,belongs_to,1
lnk_000198,lesson,les_aemt_000198,module,mod_aemt_000018,belongs_to,1
lnk_000199,lesson,les_aemt_000199,module,mod_aemt_000018,belongs_to,1
lnk_000200,lesson,les_aemt_000200,module,mod_aemt_000018,belongs_to,1
lnk_000201,lesson,les_aemt_000201,module,mod_aemt_000018,belongs_to,1
lnk_000202,lesson,les_aemt_000202,module,mod_aemt_000018,belongs_to,1
lnk_000203,lesson,les_aemt_000203,module,mod_aemt_000018,belongs_to,1
lnk_000204,lesson,les_aemt_000204,module,mod_aemt_000018,belongs_to,1
lnk_000205,lesson,les_aemt_000205,module,mod_aemt_000018,belongs_to,1
lnk_000206,lesson,les_aemt_000206,module,mod_aemt_000018,belongs_to,1
lnk_000207,lesson,les_aemt_000207,module,mod_aemt_000018,belongs_to,1
lnk_000208,lesson,les_aemt_000208,module,mod_aemt_000018,belongs_to,1
lnk_000209,lesson,les_aemt_000209,module,mod_aemt_000018,belongs_to,1
lnk_000210,lesson,les_aemt_000210,module,mod_aemt_000018,belongs_to,1
lnk_000211,lesson,les_aemt_000211,module,mod_aemt_000018,belongs_to,1
lnk_000212,lesson,les_aemt_000212,module,mod_aemt_000018,belongs_to,1
lnk_000213,lesson,les_aemt_000213,module,mod_aemt_000018,belongs_to,1
lnk_000214,lesson,les_aemt_000214,module,mod_aemt_000018,belongs_to,1
lnk_000215,lesson,les_aemt_000215,module,mod_aemt_000018,belongs_to,1
lnk_000216,lesson,les_aemt_000216,module,mod_aemt_000018,belongs_to,1
lnk_000217,lesson,les_aemt_000217,module,mod_aemt_000018,belongs_to,1
lnk_000218,lesson,les_aemt_000218,module,mod_aemt_000018,belongs_to,1
lnk_000219,lesson,les_aemt_000219,module,mod_aemt_000018,belongs_to,1
lnk_000220,lesson,les_aemt_000220,module,mod_aemt_000018,belongs_to,1
lnk_000221,lesson,les_aemt_000221,module,mod_aemt_000018,belongs_to,1
lnk_000222,lesson,les_aemt_000222,module,mod_aemt_000018,belongs_to,1
lnk_000223,lesson,les_aemt_000223,module,mod_aemt_000018,belongs_to,1
lnk_000224,lesson,les_aemt_000224,module,mod_aemt_000018,belongs_to,1
lnk_000225,lesson,les_aemt_000225,module,mod_aemt_000018,belongs_to,1
lnk_000226,lesson,les_aemt_000226,module,mod_aemt_000018,belongs_to,1
lnk_000227,lesson,les_aemt_000227,module,mod_aemt_000018,belongs_to,1
lnk_000228,lesson,les_aemt_000228,module,mod_aemt_000018,belongs_to,1
lnk_000229,lesson,les_aemt_000229,module,mod_aemt_000018,belongs_to,1
lnk_000230,lesson,les_aemt_000230,module,mod_aemt_000018,belongs_to,1
lnk_000231,lesson,les_aemt_000231,module,mod_aemt_000018,belongs_to,1
lnk_000232,lesson,les_aemt_000232,module,mod_aemt_000018,belongs_to,1
lnk_000233,lesson,les_aemt_000233,module,mod_aemt_000018,belongs_to,1
lnk_000234,lesson,les_aemt_000234,module,mod_aemt_000018,belongs_to,1
lnk_000235,lesson,les_aemt_000235,module,mod_aemt_000018,belongs_to,1
lnk_000236,lesson,les_aemt_000236,module,mod_aemt_000018,belongs_to,1
lnk_000237,lesson,les_aemt_000237,module,mod_aemt_000018,belongs_to,1
lnk_000238,lesson,les_aemt_000238,module,mod_aemt_000018,belongs_to,1
lnk_000239,lesson,les_aemt_000239,module,mod_aemt_000018,belongs_to,1
lnk_000240,lesson,les_aemt_000240,module,mod_aemt_000018,belongs_to,1
lnk_000241,lesson,les_aemt_000241,module,mod_aemt_000018,belongs_to,1
lnk_000242,lesson,les_aemt_000242,module,mod_aemt_000018,belongs_to,1
lnk_000243,lesson,les_aemt_000243,module,mod_aemt_000018,belongs_to,1
lnk_000244,lesson,les_aemt_000244,module,mod_aemt_000018,belongs_to,1
lnk_000245,lesson,les_aemt_000245,module,mod_aemt_000018,belongs_to,1
lnk_000246,lesson,les_aemt_000246,module,mod_aemt_000018,belongs_to,1
lnk_000247,lesson,les_aemt_000247,module,mod_aemt_000018,belongs_to,1
lnk_000248,lesson,les_aemt_000248,module,mod_aemt_000018,belongs_to,1
lnk_000249,lesson,les_aemt_000249,module,mod_aemt_000018,belongs_to,1
lnk_000250,lesson,les_aemt_000250,module,mod_aemt_000018,belongs_to,1
lnk_000251,lesson,les_aemt_000251,module,mod_aemt_000018,belongs_to,1
lnk_000252,lesson,les_aemt_000252,module,mod_aemt_000018,belongs_to,1
lnk_000253,lesson,les_aemt_000253,module,mod_aemt_000018,belongs_to,1
lnk_000254,lesson,les_aemt_000254,module,mod_aemt_000018,belongs_to,1
lnk_000255,lesson,les_aemt_000255,module,mod_aemt_000018,belongs_to,1
lnk_000256,lesson,les_aemt_000256,module,mod_aemt_000018,belongs_to,1
lnk_000257,lesson,les_aemt_000257,module,mod_aemt_000018,belongs_to,1
lnk_000258,lesson,les_aemt_000258,module,mod_aemt_000018,belongs_to,1
lnk_000259,lesson,les_aemt_000259,module,mod_aemt_000018,belongs_to,1
lnk_000260,lesson,les_aemt_000260,module,mod_aemt_000018,belongs_to,1
lnk_000261,lesson,les_aemt_000261,module,mod_aemt_000018,belongs_to,1
lnk_000262,lesson,les_aemt_000262,module,mod_aemt_000018,belongs_to,1
lnk_000263,lesson,les_aemt_000263,module,mod_aemt_000018,belongs_to,1
lnk_000264,lesson,les_aemt_000264,module,mod_aemt_000018,belongs_to,1
lnk_000265,lesson,les_aemt_000265,module,mod_aemt_000018,belongs_to,1
lnk_000266,lesson,les_aemt_000266,module,mod_aemt_000018,belongs_to,1
lnk_000267,lesson,les_aemt_000267,module,mod_aemt_000018,belongs_to,1
lnk_000268,lesson,les_aemt_000268,module,mod_aemt_000018,belongs_to,1
lnk_000269,lesson,les_aemt_000269,module,mod_aemt_000018,belongs_to,1
lnk_000270,lesson,les_aemt_000270,module,mod_aemt_000018,belongs_to,1
lnk_000271,lesson,les_aemt_000271,module,mod_aemt_000018,belongs_to,1
lnk_000272,lesson,les_aemt_000272,module,mod_aemt_000018,belongs_to,1
lnk_000273,lesson,les_aemt_000273,module,mod_aemt_000018,belongs_to,1
lnk_000274,lesson,les_aemt_000274,module,mod_aemt_000018,belongs_to,1
lnk_000275,lesson,les_aemt_000275,module,mod_aemt_000018,belongs_to,1
lnk_000276,lesson,les_aemt_000276,module,mod_aemt_000018,belongs_to,1
lnk_000277,lesson,les_aemt_000277,module,mod_aemt_000018,belongs_to,1
lnk_000278,lesson,les_aemt_000278,module,mod_aemt_000018,belongs_to,1
lnk_000279,lesson,les_aemt_000279,module,mod_aemt_000018,belongs_to,1
lnk_000280,lesson,les_aemt_000280,module,mod_aemt_000018,belongs_to,1
lnk_000281,lesson,les_aemt_000281,module,mod_aemt_000018,belongs_to,1
lnk_000282,lesson,les_aemt_000282,module,mod_aemt_000018,belongs_to,1
lnk_000283,lesson,les_aemt_000283,module,mod_aemt_000018,belongs_to,1
lnk_000284,lesson,les_aemt_000284,module,mod_aemt_000018,belongs_to,1
lnk_000285,lesson,les_aemt_000285,module,mod_aemt_000018,belongs_to,1
lnk_000286,lesson,les_aemt_000286,module,mod_aemt_000018,belongs_to,1
lnk_000287,lesson,les_aemt_000287,module,mod_aemt_000018,belongs_to,1
lnk_000288,lesson,les_aemt_000288,module,mod_aemt_000018,belongs_to,1
lnk_000289,lesson,les_aemt_000289,module,mod_aemt_000018,belongs_to,1
lnk_000290,lesson,les_aemt_000290,module,mod_aemt_000018,belongs_to,1
lnk_000291,lesson,les_aemt_000291,module,mod_aemt_000018,belongs_to,1
lnk_000292,lesson,les_aemt_000292,module,mod_aemt_000018,belongs_to,1
lnk_000293,lesson,les_aemt_000293,module,mod_aemt_000018,belongs_to,1
lnk_000294,lesson,les_aemt_000294,module,mod_aemt_000018,belongs_to,1
lnk_000295,lesson,les_aemt_000295,module,mod_aemt_000018,belongs_to,1
lnk_000296,lesson,les_aemt_000296,module,mod_aemt_000018,belongs_to,1
lnk_000297,lesson,les_aemt_000297,module,mod_aemt_000018,belongs_to,1
lnk_000298,lesson,les_aemt_000298,module,mod_aemt_000018,belongs_to,1
lnk_000299,lesson,les_aemt_000299,module,mod_aemt_000018,belongs_to,1
lnk_000300,lesson,les_aemt_000300,module,mod_aemt_000018,belongs_to,1
lnk_000301,skill,skl_000001,foundation,fdn_000002,requires,1
lnk_000302,skill,skl_000002,foundation,fdn_000003,requires,1
lnk_000303,skill,skl_000003,foundation,fdn_000004,requires,1
lnk_000304,skill,skl_000004,foundation,fdn_000005,requires,1
lnk_000305,skill,skl_000005,foundation,fdn_000006,requires,1
lnk_000306,skill,skl_000006,foundation,fdn_000007,requires,1
lnk_000307,skill,skl_000007,foundation,fdn_000008,requires,1
lnk_000308,skill,skl_000008,foundation,fdn_000009,requires,1
lnk_000309,skill,skl_000009,foundation,fdn_000010,requires,1
lnk_000310,skill,skl_000010,foundation,fdn_000011,requires,1
lnk_000311,skill,skl_000011,foundation,fdn_000012,requires,1
lnk_000312,question,q_emt_000001,scenario,scn_emt_000004,uses,1
lnk_000313,question,q_emt_000003,scenario,scn_emt_000010,uses,1
lnk_000314,question,q_emt_000005,scenario,scn_emt_000016,uses,1
lnk_000315,question,q_emt_000007,scenario,scn_emt_000022,uses,1
lnk_000316,question,q_emt_000009,scenario,scn_emt_000028,uses,1
lnk_000317,question,q_emt_000011,scenario,scn_emt_000034,uses,1
lnk_000318,question,q_emt_000013,scenario,scn_emt_000040,uses,1
lnk_000319,question,q_emt_000015,scenario,scn_emt_000046,uses,1
lnk_000320,question,q_emt_000017,scenario,scn_emt_000052,uses,1
lnk_000321,question,q_emt_000019,scenario,scn_emt_000058,uses,1
lnk_000322,question,q_emt_000021,scenario,scn_emt_000064,uses,1
lnk_000323,question,q_emt_000023,scenario,scn_aemt_000070,uses,1
lnk_000324,question,q_emt_000025,scenario,scn_aemt_000076,uses,1
lnk_000325,question,q_emt_000027,scenario,scn_aemt_000082,uses,1
lnk_000326,question,q_emt_000029,scenario,scn_aemt_000088,uses,1
lnk_000327,question,q_emt_000031,scenario,scn_aemt_000094,uses,1
lnk_000328,question,q_emt_000033,scenario,scn_aemt_000100,uses,1
lnk_000329,question,q_emt_000035,scenario,scn_aemt_000106,uses,1
lnk_000330,question,q_emt_000037,scenario,scn_aemt_000112,uses,1
lnk_000331,question,q_emt_000039,scenario,scn_aemt_000118,uses,1
lnk_000332,question,q_emt_000041,scenario,scn_paramedic_000124,uses,1
lnk_000333,question,q_emt_000043,scenario,scn_paramedic_000130,uses,1
lnk_000334,question,q_emt_000045,scenario,scn_paramedic_000136,uses,1
lnk_000335,question,q_emt_000047,scenario,scn_paramedic_000142,uses,1
lnk_000336,question,q_emt_000049,scenario,scn_paramedic_000148,uses,1
lnk_000337,question,q_emt_000051,scenario,scn_paramedic_000154,uses,1
lnk_000338,question,q_emt_000053,scenario,scn_paramedic_000160,uses,1
lnk_000339,question,q_emt_000055,scenario,scn_paramedic_000166,uses,1
lnk_000340,question,q_emt_000057,scenario,scn_paramedic_000172,uses,1
lnk_000341,question,q_emt_000059,scenario,scn_paramedic_000178,uses,1
lnk_000342,question,q_emt_000061,scenario,scn_paramedic_000184,uses,1
lnk_000343,question,q_emt_000063,scenario,scn_emt_000003,uses,1
lnk_000344,question,q_emt_000065,scenario,scn_emt_000009,uses,1
lnk_000345,question,q_emt_000067,scenario,scn_emt_000015,uses,1
lnk_000346,question,q_emt_000069,scenario,scn_emt_000021,uses,1
lnk_000347,question,q_emt_000071,scenario,scn_emt_000027,uses,1
lnk_000348,question,q_emt_000073,scenario,scn_emt_000033,uses,1
lnk_000349,question,q_emt_000075,scenario,scn_emt_000039,uses,1
lnk_000350,question,q_emt_000077,scenario,scn_emt_000045,uses,1
lnk_000351,question,q_emt_000079,scenario,scn_emt_000051,uses,1
lnk_000352,question,q_emt_000081,scenario,scn_emt_000057,uses,1
lnk_000353,question,q_emt_000083,scenario,scn_emt_000063,uses,1
lnk_000354,question,q_emt_000085,scenario,scn_aemt_000069,uses,1
lnk_000355,question,q_emt_000087,scenario,scn_aemt_000075,uses,1
lnk_000356,question,q_emt_000089,scenario,scn_aemt_000081,uses,1
lnk_000357,question,q_emt_000091,scenario,scn_aemt_000087,uses,1
lnk_000358,question,q_emt_000093,scenario,scn_aemt_000093,uses,1
lnk_000359,question,q_emt_000095,scenario,scn_aemt_000099,uses,1
lnk_000360,question,q_emt_000097,scenario,scn_aemt_000105,uses,1
lnk_000361,question,q_emt_000099,scenario,scn_aemt_000111,uses,1
lnk_000362,question,q_emt_000101,scenario,scn_aemt_000117,uses,1
lnk_000363,question,q_emt_000103,scenario,scn_paramedic_000123,uses,1
lnk_000364,question,q_emt_000105,scenario,scn_paramedic_000129,uses,1
lnk_000365,question,q_emt_000107,scenario,scn_paramedic_000135,uses,1
lnk_000366,question,q_emt_000109,scenario,scn_paramedic_000141,uses,1
lnk_000367,question,q_emt_000111,scenario,scn_paramedic_000147,uses,1
lnk_000368,question,q_emt_000113,scenario,scn_paramedic_000153,uses,1
lnk_000369,question,q_emt_000115,scenario,scn_paramedic_000159,uses,1
lnk_000370,question,q_emt_000117,scenario,scn_paramedic_000165,uses,1
lnk_000371,question,q_emt_000119,scenario,scn_paramedic_000171,uses,1
lnk_000372,question,q_emt_000121,scenario,scn_paramedic_000177,uses,1
lnk_000373,question,q_emt_000123,scenario,scn_paramedic_000183,uses,1
lnk_000374,question,q_emt_000125,scenario,scn_emt_000002,uses,1
lnk_000375,question,q_emt_000127,scenario,scn_emt_000008,uses,1
lnk_000376,question,q_emt_000129,scenario,scn_emt_000014,uses,1
lnk_000377,question,q_emt_000131,scenario,scn_emt_000020,uses,1
lnk_000378,question,q_emt_000133,scenario,scn_emt_000026,uses,1
lnk_000379,question,q_emt_000135,scenario,scn_emt_000032,uses,1
lnk_000380,question,q_emt_000137,scenario,scn_emt_000038,uses,1
lnk_000381,question,q_emt_000139,scenario,scn_emt_000044,uses,1
lnk_000382,question,q_emt_000141,scenario,scn_emt_000050,uses,1
lnk_000383,question,q_emt_000143,scenario,scn_emt_000056,uses,1
lnk_000384,question,q_emt_000145,scenario,scn_emt_000062,uses,1
lnk_000385,question,q_emt_000147,scenario,scn_aemt_000068,uses,1
lnk_000386,question,q_emt_000149,scenario,scn_aemt_000074,uses,1
lnk_000387,question,q_emt_000151,scenario,scn_aemt_000080,uses,1
lnk_000388,question,q_emt_000153,scenario,scn_aemt_000086,uses,1
lnk_000389,question,q_emt_000155,scenario,scn_aemt_000092,uses,1
lnk_000390,question,q_emt_000157,scenario,scn_aemt_000098,uses,1
lnk_000391,question,q_emt_000159,scenario,scn_aemt_000104,uses,1
lnk_000392,question,q_aemt_000161,scenario,scn_aemt_000110,uses,1
lnk_000393,question,q_aemt_000163,scenario,scn_aemt_000116,uses,1
lnk_000394,question,q_aemt_000165,scenario,scn_paramedic_000122,uses,1
lnk_000395,question,q_aemt_000167,scenario,scn_paramedic_000128,uses,1
lnk_000396,question,q_aemt_000169,scenario,scn_paramedic_000134,uses,1
lnk_000397,question,q_aemt_000171,scenario,scn_paramedic_000140,uses,1
lnk_000398,question,q_aemt_000173,scenario,scn_paramedic_000146,uses,1
lnk_000399,question,q_aemt_000175,scenario,scn_paramedic_000152,uses,1
lnk_000400,question,q_aemt_000177,scenario,scn_paramedic_000158,uses,1
lnk_000401,question,q_aemt_000179,scenario,scn_paramedic_000164,uses,1
lnk_000402,question,q_aemt_000181,scenario,scn_paramedic_000170,uses,1
lnk_000403,question,q_aemt_000183,scenario,scn_paramedic_000176,uses,1
lnk_000404,question,q_aemt_000185,scenario,scn_paramedic_000182,uses,1
lnk_000405,question,q_aemt_000187,scenario,scn_emt_000001,uses,1
lnk_000406,question,q_aemt_000189,scenario,scn_emt_000007,uses,1
lnk_000407,question,q_aemt_000191,scenario,scn_emt_000013,uses,1
lnk_000408,question,q_aemt_000193,scenario,scn_emt_000019,uses,1
lnk_000409,question,q_aemt_000195,scenario,scn_emt_000025,uses,1
lnk_000410,question,q_aemt_000197,scenario,scn_emt_000031,uses,1
lnk_000411,question,q_aemt_000199,scenario,scn_emt_000037,uses,1
lnk_000412,question,q_aemt_000201,scenario,scn_emt_000043,uses,1
lnk_000413,question,q_aemt_000203,scenario,scn_emt_000049,uses,1
lnk_000414,question,q_aemt_000205,scenario,scn_emt_000055,uses,1
lnk_000415,question,q_aemt_000207,scenario,scn_emt_000061,uses,1
lnk_000416,question,q_aemt_000209,scenario,scn_aemt_000067,uses,1
lnk_000417,question,q_aemt_000211,scenario,scn_aemt_000073,uses,1
lnk_000418,question,q_aemt_000213,scenario,scn_aemt_000079,uses,1
lnk_000419,question,q_aemt_000215,scenario,scn_aemt_000085,uses,1
lnk_000420,question,q_aemt_000217,scenario,scn_aemt_000091,uses,1
lnk_000421,question,q_aemt_000219,scenario,scn_aemt_000097,uses,1
lnk_000422,question,q_aemt_000221,scenario,scn_aemt_000103,uses,1
lnk_000423,question,q_aemt_000223,scenario,scn_aemt_000109,uses,1
lnk_000424,question,q_aemt_000225,scenario,scn_aemt_000115,uses,1
lnk_000425,question,q_aemt_000227,scenario,scn_aemt_000121,uses,1
lnk_000426,question,q_aemt_000229,scenario,scn_paramedic_000127,uses,1
lnk_000427,question,q_aemt_000231,scenario,scn_paramedic_000133,uses,1
lnk_000428,question,q_aemt_000233,scenario,scn_paramedic_000139,uses,1
lnk_000429,question,q_aemt_000235,scenario,scn_paramedic_000145,uses,1
lnk_000430,question,q_aemt_000237,scenario,scn_paramedic_000151,uses,1
lnk_000431,question,q_aemt_000239,scenario,scn_paramedic_000157,uses,1
lnk_000432,question,q_aemt_000241,scenario,scn_paramedic_000163,uses,1
lnk_000433,question,q_aemt_000243,scenario,scn_paramedic_000169,uses,1
lnk_000434,question,q_aemt_000245,scenario,scn_paramedic_000175,uses,1
lnk_000435,question,q_aemt_000247,scenario,scn_paramedic_000181,uses,1
lnk_000436,question,q_aemt_000249,scenario,scn_paramedic_000187,uses,1
lnk_000437,question,q_aemt_000251,scenario,scn_emt_000006,uses,1
lnk_000438,question,q_aemt_000253,scenario,scn_emt_000012,uses,1
lnk_000439,question,q_aemt_000255,scenario,scn_emt_000018,uses,1
lnk_000440,question,q_aemt_000257,scenario,scn_emt_000024,uses,1
lnk_000441,question,q_aemt_000259,scenario,scn_emt_000030,uses,1
lnk_000442,question,q_aemt_000261,scenario,scn_emt_000036,uses,1
lnk_000443,question,q_aemt_000263,scenario,scn_emt_000042,uses,1
lnk_000444,question,q_aemt_000265,scenario,scn_emt_000048,uses,1
lnk_000445,question,q_aemt_000267,scenario,scn_emt_000054,uses,1
lnk_000446,question,q_aemt_000269,scenario,scn_emt_000060,uses,1
lnk_000447,question,q_aemt_000271,scenario,scn_emt_000066,uses,1
lnk_000448,question,q_aemt_000273,scenario,scn_aemt_000072,uses,1
lnk_000449,question,q_aemt_000275,scenario,scn_aemt_000078,uses,1
lnk_000450,question,q_aemt_000277,scenario,scn_aemt_000084,uses,1
lnk_000451,question,q_aemt_000279,scenario,scn_aemt_000090,uses,1
lnk_000452,question,q_aemt_000281,scenario,scn_aemt_000096,uses,1
lnk_000453,question,q_aemt_000283,scenario,scn_aemt_000102,uses,1
lnk_000454,question,q_aemt_000285,scenario,scn_aemt_000108,uses,1
lnk_000455,question,q_aemt_000287,scenario,scn_aemt_000114,uses,1
lnk_000456,question,q_aemt_000289,scenario,scn_aemt_000120,uses,1
lnk_000457,question,q_paramedic_000291,scenario,scn_paramedic_000126,uses,1
lnk_000458,question,q_paramedic_000293,scenario,scn_paramedic_000132,uses,1
lnk_000459,question,q_paramedic_000295,scenario,scn_paramedic_000138,uses,1
lnk_000460,question,q_paramedic_000297,scenario,scn_paramedic_000144,uses,1
lnk_000461,question,q_paramedic_000299,scenario,scn_paramedic_000150,uses,1
